Age,Sex,Job,Housing,Saving accounts,Checking account,Credit amount,Duration,Purpose,Cluster,Age Bracket,Hierarchical Cluster,Risk Score,Risk Category
67,male,2,1,unknown,little,1169,6,5,2,50+,3,6.359696641386782,Low Risk
22,female,2,1,little,moderate,5951,48,5,0,<30,2,32.432286023835324,Low Risk
49,male,1,1,little,unknown,2096,12,3,2,30-50,4,11.404387865655472,Low Risk
45,male,2,0,little,little,7882,42,4,0,30-50,2,42.86836403033586,Low Risk
53,male,2,0,little,little,4870,24,1,2,50+,3,26.478873239436616,Low Risk
35,male,1,0,unknown,unknown,9055,36,3,0,30-50,1,49.20232936078006,Low Risk
53,male,2,1,quite rich,unknown,2835,24,4,2,50+,3,15.456392199349944,Low Risk
35,male,3,2,little,moderate,6948,36,1,0,30-50,2,37.78439869989166,Low Risk
61,male,1,1,rich,unknown,3059,12,5,2,50+,3,16.62107258938245,Low Risk
28,male,3,1,little,moderate,5234,30,1,0,<30,1,28.475081256771396,Low Risk
25,female,2,2,little,moderate,1295,12,1,3,<30,4,7.063921993499458,Low Risk
24,female,2,2,little,little,4308,48,0,0,<30,1,23.53196099674973,Low Risk
22,female,2,1,little,moderate,1567,12,5,3,<30,4,8.537378114842904,Low Risk
60,male,1,1,little,little,1199,24,1,2,50+,3,6.592632719393284,Low Risk
28,female,2,2,little,little,1403,15,1,3,<30,4,7.66115926327194,Low Risk
32,female,1,1,moderate,little,1282,24,5,3,30-50,4,7.042253521126762,Low Risk
53,male,2,1,unknown,unknown,2424,24,5,2,50+,3,13.232665222101843,Low Risk
25,male,2,1,unknown,little,8072,30,0,0,<30,1,43.851570964247024,Low Risk
44,female,3,0,little,moderate,12579,24,1,0,30-50,2,68.2394366197183,Medium Risk
31,male,2,1,quite rich,unknown,3430,24,5,1,30-50,4,18.679577464788732,Low Risk
48,male,2,1,little,unknown,2134,9,1,2,30-50,3,11.598049837486458,Low Risk
44,male,2,2,quite rich,little,2647,6,5,2,30-50,4,14.363488624052003,Low Risk
48,male,1,2,little,little,2241,10,1,2,30-50,4,12.180390032502709,Low Risk
44,male,2,1,moderate,moderate,1804,12,1,2,30-50,4,9.821235102925243,Low Risk
26,male,2,1,unknown,unknown,2069,10,4,3,<30,4,11.252708559046589,Low Risk
36,male,1,1,little,little,1374,6,4,3,30-50,4,7.467497291440953,Low Risk
39,male,1,1,little,unknown,426,6,5,3,30-50,4,2.3334236186348867,Low Risk
42,female,2,2,rich,rich,409,12,5,2,30-50,4,2.2643553629469126,Low Risk
34,male,2,1,little,moderate,2415,7,5,3,30-50,4,13.110780065005418,Low Risk
63,male,2,1,little,little,6836,60,0,0,50+,2,37.27518959913326,Low Risk
36,male,2,1,rich,moderate,1913,18,0,1,30-50,4,10.436078006500543,Low Risk
27,male,2,1,little,little,4020,24,4,1,<30,4,21.874322860238355,Low Risk
30,male,2,1,moderate,moderate,5866,18,1,1,<30,1,31.84994582881907,Low Risk
57,male,1,2,unknown,unknown,1264,12,0,2,50+,3,6.900054171180932,Low Risk
33,female,3,1,little,rich,1474,12,4,1,30-50,4,8.033586132177682,Low Risk
25,male,1,1,little,moderate,4746,45,5,1,<30,1,25.892470205850486,Low Risk
31,male,2,0,little,unknown,6110,48,3,0,30-50,2,33.29496208017335,Low Risk
37,male,2,1,little,rich,2100,18,5,1,30-50,4,11.44907908992416,Low Risk
37,male,2,1,little,rich,1225,10,2,3,30-50,4,6.6765980498374855,Low Risk
24,male,2,1,little,moderate,458,9,5,3,<30,4,2.517605633802817,Low Risk
30,male,3,1,quite rich,unknown,2333,30,5,1,<30,1,12.761375947995667,Low Risk
26,male,2,1,quite rich,moderate,1158,12,5,3,<30,4,6.321776814734561,Low Risk
44,male,1,1,little,moderate,6204,18,6,2,30-50,3,33.68093174431203,Low Risk
24,male,2,2,moderate,little,6187,30,1,1,<30,1,33.637594799566635,Low Risk
58,female,1,0,little,little,6143,48,1,0,50+,2,33.472372697724815,Low Risk
35,female,3,1,little,unknown,1393,11,1,1,30-50,4,7.592091007583966,Low Risk
39,male,2,1,quite rich,unknown,2299,36,5,1,30-50,3,12.601570964247022,Low Risk
23,female,0,2,quite rich,little,1352,6,1,3,<30,4,7.348320693391116,Low Risk
39,male,1,1,little,unknown,7228,11,1,1,30-50,4,39.20097508125678,Low Risk
28,female,2,1,moderate,unknown,2073,12,5,3,<30,4,11.27979414951246,Low Risk
29,male,1,1,unknown,moderate,2333,24,4,3,<30,4,12.738353196099677,Low Risk
30,male,3,1,little,moderate,5965,27,1,0,<30,1,32.42280606717226,Low Risk
25,male,2,1,little,unknown,1262,12,5,3,<30,4,6.886511375947997,Low Risk
31,male,2,1,unknown,unknown,3378,18,1,1,30-50,4,18.376218851570965,Low Risk
57,male,2,0,little,moderate,2225,36,1,2,50+,3,12.19934994582882,Low Risk
26,male,1,1,unknown,unknown,783,6,1,3,<30,4,4.270043336944746,Low Risk
52,male,3,1,unknown,moderate,6468,12,5,2,50+,3,35.08938244853738,Low Risk
31,female,2,1,little,unknown,9566,36,5,0,30-50,2,51.967768147345616,Medium Risk
23,female,3,1,little,rich,1961,18,1,1,<30,4,10.696099674972915,Low Risk
23,female,1,2,little,little,6229,36,4,1,<30,1,33.88949079089925,Low Risk
27,male,2,1,little,moderate,1391,9,0,3,<30,4,7.571776814734561,Low Risk
50,male,2,1,unknown,moderate,1537,15,5,2,30-50,3,8.389761646803901,Low Risk
61,male,3,0,little,moderate,1953,36,0,2,50+,3,10.725893824485373,Low Risk
25,male,2,1,little,moderate,14421,48,0,0,<30,2,78.31527627302275,High Risk
26,female,2,1,little,unknown,3181,24,5,1,<30,4,17.3307150595883,Low Risk
48,male,2,1,unknown,unknown,5190,27,6,2,30-50,3,28.22860238353196,Low Risk
29,female,2,1,little,unknown,2171,12,5,3,<30,4,11.810671722643555,Low Risk
22,male,2,1,rich,moderate,1007,12,1,3,<30,4,5.503791982665223,Low Risk
37,male,2,0,little,unknown,1819,36,3,1,30-50,1,10.001354279523293,Low Risk
25,female,2,1,unknown,unknown,2394,36,5,1,<30,1,13.118905742145179,Low Risk
30,female,2,1,little,unknown,8133,36,1,0,<30,2,44.20503791982666,Low Risk
46,male,1,2,unknown,unknown,730,7,5,2,30-50,4,3.986998916576382,Low Risk
51,male,3,0,little,little,1164,8,7,2,50+,3,6.338028169014084,Low Risk
41,female,1,1,little,moderate,5954,42,0,1,30-50,2,32.42416034669556,Low Risk
40,male,3,1,unknown,little,1977,36,3,1,30-50,2,10.858613217768148,Low Risk
66,male,3,0,little,little,1526,12,1,2,50+,3,8.315276273022752,Low Risk
34,male,2,1,little,little,3965,42,5,1,30-50,1,21.649512459371614,Low Risk
51,male,2,1,little,moderate,4771,11,5,2,50+,3,25.889761646803898,Low Risk
39,male,1,1,unknown,unknown,9436,54,1,0,30-50,2,51.33938244853737,Medium Risk
22,male,2,1,little,moderate,3832,30,4,1,<30,1,20.880281690140848,Low Risk
44,female,2,1,unknown,unknown,5943,24,5,1,30-50,3,32.29550379198266,Low Risk
47,male,2,1,quite rich,unknown,1213,15,5,2,30-50,4,6.633261105092092,Low Risk
24,female,1,2,moderate,unknown,1568,18,0,3,<30,4,8.568526543878658,Low Risk
58,female,1,1,little,little,1755,24,7,2,50+,3,9.604550379198267,Low Risk
52,male,1,1,little,little,2315,10,5,2,50+,3,12.581256771397618,Low Risk
29,female,3,1,little,unknown,1412,12,0,1,<30,4,7.699079089924162,Low Risk
27,female,2,1,little,moderate,1295,18,4,3,<30,4,7.088299024918743,Low Risk
47,male,2,0,moderate,moderate,12612,36,3,0,30-50,2,68.46695557963164,Medium Risk
30,male,3,1,moderate,little,2249,18,1,1,<30,4,12.25622968580715,Low Risk
28,male,2,1,little,little,1108,12,6,3,<30,4,6.05092091007584,Low Risk
56,male,2,1,little,unknown,618,12,5,2,50+,3,3.3978873239436624,Low Risk
54,male,2,1,little,little,1409,12,1,2,50+,3,7.681473456121345,Low Risk
33,female,1,1,unknown,unknown,797,12,5,3,30-50,4,4.370260021668472,Low Risk
20,male,2,2,unknown,rich,3617,24,4,1,<30,4,19.69393282773565,Low Risk
54,male,2,1,rich,moderate,1318,12,1,2,50+,3,7.188515709642471,Low Risk
58,male,2,2,little,moderate,15945,54,0,0,50+,2,86.59534127843986,High Risk
61,female,2,1,unknown,unknown,2012,12,3,2,50+,3,10.952058504875408,Low Risk
34,male,2,1,moderate,moderate,2622,18,0,1,30-50,4,14.276814734561214,Low Risk
36,male,2,1,little,moderate,2337,36,5,1,30-50,1,12.806067172264354,Low Risk
36,male,3,2,unknown,moderate,7057,20,1,0,30-50,2,38.312567713976165,Low Risk
41,male,1,2,moderate,unknown,1469,24,1,3,30-50,4,8.056608884073674,Low Risk
24,male,2,2,little,moderate,2323,36,5,1,<30,1,12.730227518959914,Low Risk
24,female,2,1,little,unknown,932,6,5,3,<30,4,5.074485373781149,Low Risk
35,male,2,2,little,moderate,1919,9,4,3,30-50,4,10.432015167930663,Low Risk
26,male,2,2,unknown,unknown,2445,12,1,3,<30,4,13.297670639219936,Low Risk
39,male,3,1,little,moderate,11938,24,7,0,30-50,2,64.7670639219935,Medium Risk
39,male,3,1,little,unknown,6458,18,1,0,30-50,2,35.058234019501626,Low Risk
32,male,2,1,little,moderate,6078,12,1,1,30-50,4,32.973997833152765,Low Risk
30,female,2,1,unknown,little,7721,24,4,1,<30,1,41.92578548212351,Low Risk
35,male,2,1,quite rich,moderate,1410,14,0,3,30-50,4,7.69501625135428,Low Risk
31,male,2,1,moderate,moderate,1449,6,0,3,30-50,4,7.8737811484290345,Low Risk
23,female,2,2,little,rich,392,15,3,3,<30,4,2.1844528710725895,Low Risk
28,male,1,2,little,moderate,6260,18,1,1,<30,4,33.984290357529794,Low Risk
25,female,2,1,little,unknown,7855,36,1,0,<30,1,42.69907908992416,Low Risk
35,male,2,1,quite rich,little,1680,12,5,3,30-50,4,9.149512459371614,Low Risk
47,male,2,1,unknown,unknown,3578,48,5,0,30-50,2,19.581527627302275,Low Risk
30,female,3,1,unknown,little,7174,42,5,0,<30,2,39.03575297941495,Low Risk
27,female,2,2,unknown,little,2132,10,4,3,<30,4,11.592632719393285,Low Risk
23,female,2,1,quite rich,little,4281,33,4,1,<30,1,23.324756229685807,Low Risk
36,male,3,1,quite rich,moderate,2366,12,1,1,30-50,4,12.865655471289275,Low Risk
25,female,2,1,little,little,1835,21,5,1,<30,4,10.025731310942577,Low Risk
41,female,3,2,little,unknown,3868,24,1,1,30-50,3,21.052275189599136,Low Risk
24,male,1,2,little,unknown,1768,12,4,3,<30,4,9.627573131094259,Low Risk
63,male,2,0,little,rich,781,10,1,2,50+,3,4.27139761646804,Low Risk
27,female,2,2,unknown,moderate,1924,18,4,3,<30,4,10.498374864572048,Low Risk
30,male,2,1,little,little,2121,12,1,3,<30,4,11.53846153846154,Low Risk
40,male,1,1,little,little,701,12,5,3,30-50,4,3.846153846153847,Low Risk
30,male,2,1,little,moderate,639,12,6,3,<30,4,3.510292524377032,Low Risk
34,male,3,1,little,moderate,1860,12,1,1,30-50,4,10.124593716143012,Low Risk
29,female,2,1,little,little,3499,12,1,1,<30,4,19.003250270855908,Low Risk
24,female,2,1,unknown,moderate,8487,48,1,0,<30,2,46.17280606717227,Low Risk
29,male,2,1,little,little,6887,36,3,0,<30,1,37.45395449620802,Low Risk
27,male,1,1,little,unknown,2708,15,4,3,<30,4,14.731852654387865,Low Risk
47,male,2,0,little,unknown,1984,18,4,2,30-50,3,10.82204767063922,Low Risk
21,female,2,1,moderate,unknown,10144,60,5,0,<30,2,55.19637053087758,Medium Risk
38,female,2,1,unknown,unknown,1240,12,5,3,30-50,4,6.770043336944746,Low Risk
27,male,2,1,rich,unknown,8613,27,1,0,<30,1,46.768689057421454,Low Risk
66,male,1,1,quite rich,moderate,766,12,5,2,50+,3,4.198266522210185,Low Risk
35,male,2,1,unknown,moderate,2728,15,5,1,30-50,4,14.84154929577465,Low Risk
44,female,1,2,little,rich,1881,12,5,3,30-50,4,10.238353196099677,Low Risk
27,male,0,1,rich,rich,709,6,1,3,<30,4,3.865113759479957,Low Risk
30,female,3,1,little,moderate,4795,36,5,0,<30,1,26.121343445287103,Low Risk
27,male,3,1,little,little,3416,27,5,1,<30,1,18.614572047670638,Low Risk
22,male,2,1,little,little,2462,18,4,1,<30,4,13.410075839653304,Low Risk
23,female,2,1,little,unknown,2288,21,4,1,<30,4,12.481040086673891,Low Risk
30,male,2,1,moderate,moderate,3566,48,0,0,<30,1,19.512459371614305,Low Risk
39,female,2,1,little,little,860,6,1,3,30-50,4,4.683098591549296,Low Risk
51,female,2,1,moderate,unknown,682,12,1,2,50+,3,3.7445828819068265,Low Risk
28,male,2,1,little,little,5371,36,4,1,<30,1,29.241603466955585,Low Risk
46,male,2,1,rich,unknown,1582,18,5,2,30-50,4,8.6443661971831,Low Risk
42,male,2,0,moderate,unknown,1346,6,5,2,30-50,4,7.317172264355362,Low Risk
38,male,2,1,little,unknown,1924,10,5,3,30-50,4,10.464517876489708,Low Risk
24,male,2,1,little,rich,5848,36,5,1,<30,1,31.82556879739979,Low Risk
29,female,2,2,rich,moderate,7758,24,1,1,<30,1,42.12351029252438,Low Risk
36,male,3,2,moderate,moderate,6967,24,0,0,30-50,2,37.8385698808234,Low Risk
20,female,2,2,little,little,1282,12,4,3,<30,4,6.993499458288192,Low Risk
48,male,2,1,moderate,little,1288,9,6,2,30-50,3,7.013813651137596,Low Risk
45,male,1,1,little,little,339,12,3,3,30-50,4,1.885157096424702,Low Risk
38,male,2,1,moderate,moderate,3512,24,1,1,30-50,3,19.122426868905745,Low Risk
34,male,1,1,unknown,unknown,1898,6,5,3,30-50,4,10.310130010834238,Low Risk
36,male,2,1,moderate,unknown,2872,24,5,1,30-50,4,15.656825568797398,Low Risk
30,female,2,1,little,unknown,1055,18,1,3,<30,4,5.789544962080173,Low Risk
36,male,2,1,quite rich,unknown,1262,15,2,3,30-50,4,6.898699891657639,Low Risk
70,male,3,0,little,moderate,7308,10,1,2,50+,3,39.62892741061756,Low Risk
36,male,2,1,quite rich,unknown,909,36,1,1,30-50,4,5.071776814734561,Low Risk
32,male,2,1,quite rich,unknown,2978,6,4,3,30-50,4,16.157908992416033,Low Risk
33,female,2,1,little,little,1131,18,4,3,30-50,4,6.199891657638137,Low Risk
20,female,2,1,rich,moderate,1577,11,4,3,<30,4,8.587486457204767,Low Risk
25,female,2,2,little,unknown,3972,24,4,1,<30,4,21.615655471289276,Low Risk
31,male,2,1,little,moderate,1935,24,0,1,30-50,4,10.579631635969665,Low Risk
33,male,2,2,little,little,950,15,1,3,30-50,4,5.2072047670639225,Low Risk
26,female,2,1,little,unknown,763,12,4,3,<30,4,4.183369447453956,Low Risk
34,female,3,1,little,moderate,2064,24,4,1,30-50,1,11.278439869989167,Low Risk
33,male,2,1,little,moderate,1414,8,5,3,30-50,4,7.6923076923076925,Low Risk
26,male,2,1,little,little,3414,21,3,1,<30,4,18.579360780065006,Low Risk
53,female,3,1,unknown,unknown,7485,30,1,0,50+,2,40.67307692307692,Low Risk
42,male,2,1,little,little,2577,12,4,2,30-50,4,14.008667388949078,Low Risk
52,male,2,1,quite rich,little,338,6,5,2,50+,3,1.855362946912243,Low Risk
31,male,3,2,little,unknown,1963,12,5,1,30-50,4,10.683911159263273,Low Risk
65,male,2,1,little,little,571,21,1,2,50+,3,3.1784940411700977,Low Risk
28,male,2,1,little,unknown,9572,36,0,0,<30,2,52.00027085590466,Medium Risk
30,male,3,1,little,moderate,4455,36,0,0,<30,1,24.2795232936078,Low Risk
40,male,1,1,unknown,little,1647,21,1,3,30-50,4,9.010021668472373,Low Risk
50,male,2,1,rich,unknown,3777,24,4,2,30-50,3,20.55931744312026,Low Risk
36,male,2,1,little,moderate,884,18,1,3,30-50,4,4.861863488624052,Low Risk
31,male,2,1,little,unknown,1360,15,5,3,30-50,4,7.429577464788732,Low Risk
74,female,3,0,little,moderate,5129,9,1,2,50+,3,27.82096424702058,Low Risk
68,male,0,0,little,moderate,1175,16,1,2,50+,3,6.430119176598049,Low Risk
20,male,2,1,moderate,little,674,12,5,3,<30,4,3.6998916576381373,Low Risk
33,female,2,1,little,moderate,3244,18,4,1,30-50,4,17.646262188515713,Low Risk
54,male,3,1,rich,unknown,4591,24,0,2,50+,3,24.968851570964247,Low Risk
34,male,1,0,moderate,moderate,3844,48,0,1,30-50,1,21.0184182015168,Low Risk
36,male,2,1,little,moderate,3915,27,0,1,30-50,1,21.31771397616468,Low Risk
29,male,2,2,little,unknown,2108,6,5,3,<30,4,11.44501625135428,Low Risk
21,male,2,2,moderate,moderate,3031,45,5,1,<30,1,16.60211267605634,Low Risk
34,female,3,1,little,moderate,1501,9,3,1,30-50,4,8.167659804983748,Low Risk
28,female,2,1,little,unknown,1382,6,5,3,<30,4,7.512188515709643,Low Risk
27,female,2,2,moderate,moderate,951,12,4,3,<30,4,5.200433369447454,Low Risk
36,male,2,0,unknown,moderate,2760,24,1,1,30-50,4,15.05146262188516,Low Risk
40,male,3,1,little,moderate,4297,18,4,1,30-50,3,23.35048754062839,Low Risk
52,male,2,1,quite rich,unknown,936,9,3,2,50+,3,5.108342361863489,Low Risk
27,male,1,1,little,little,1168,12,1,3,<30,4,6.375947995666306,Low Risk
26,male,2,1,little,unknown,5117,27,0,1,<30,1,27.83044420368364,Low Risk
21,male,2,2,little,little,902,12,3,3,<30,4,4.934994582881908,Low Risk
38,male,1,1,little,unknown,1495,12,1,3,30-50,4,8.148699891657639,Low Risk
38,male,3,0,little,little,10623,30,1,0,30-50,2,57.6679306608884,Medium Risk
43,male,2,1,little,unknown,1935,12,4,2,30-50,4,10.53223185265439,Low Risk
26,male,2,1,little,moderate,1424,12,2,3,<30,4,7.7627302275189605,Low Risk
21,male,1,1,little,little,6568,24,0,1,<30,4,35.67713976164681,Low Risk
55,male,2,1,rich,unknown,1413,12,1,2,50+,3,7.7044962080173365,Low Risk
33,male,2,1,unknown,unknown,3074,9,5,3,30-50,4,16.69284940411701,Low Risk
45,female,1,1,unknown,unknown,3835,36,5,1,30-50,3,20.924972914409533,Low Risk
50,male,2,1,little,little,5293,27,0,2,30-50,3,28.78250270855905,Low Risk
66,male,3,1,little,rich,1908,30,0,2,50+,3,10.45774647887324,Low Risk
51,male,2,1,unknown,unknown,3342,36,5,2,50+,3,18.254333694474543,Low Risk
39,female,1,1,unknown,moderate,932,6,3,3,30-50,4,5.075839653304443,Low Risk
31,male,2,1,little,little,3104,18,0,1,30-50,4,16.887865655471295,Low Risk
23,male,2,1,little,rich,3913,36,5,1,<30,1,21.34344528710726,Low Risk
24,male,1,2,little,little,3021,24,4,3,<30,4,16.4626218851571,Low Risk
64,female,2,1,little,unknown,1364,10,1,2,50+,3,7.430931744312026,Low Risk
26,male,1,1,little,moderate,625,12,5,3,<30,4,3.4344528710725895,Low Risk
23,female,2,2,unknown,little,1200,12,3,3,<30,4,6.552004333694475,Low Risk
30,male,2,1,little,unknown,707,12,5,3,<30,4,3.8800108342361868,Low Risk
32,male,2,1,unknown,unknown,2978,24,0,1,30-50,4,16.23374864572048,Low Risk
30,male,2,1,little,unknown,4657,15,1,1,<30,4,25.289815817984834,Low Risk
27,male,2,1,little,unknown,2613,36,6,1,<30,1,14.302546045503792,Low Risk
27,male,2,1,rich,moderate,10961,48,5,0,<30,2,59.57204767063923,Medium Risk
53,male,3,0,little,little,7865,12,4,2,50+,3,42.654387865655465,Low Risk
22,male,2,1,little,unknown,1478,9,5,3,<30,4,8.044420368364031,Low Risk
22,male,2,0,little,little,3149,24,4,1,<30,4,17.156013001083426,Low Risk
26,male,2,1,little,rich,4210,36,5,1,<30,1,22.952329360780062,Low Risk
51,male,1,0,quite rich,unknown,2507,9,1,2,50+,3,13.618634886240521,Low Risk
35,male,2,1,moderate,unknown,2141,12,5,3,30-50,4,11.648158179848323,Low Risk
25,male,1,1,little,moderate,866,18,5,3,<30,4,4.764355362946912,Low Risk
42,male,1,1,little,unknown,1544,4,5,3,30-50,4,8.38163596966414,Low Risk
30,male,3,1,little,little,1823,24,5,1,<30,1,9.97291440953413,Low Risk
23,male,0,1,unknown,moderate,14555,6,1,1,<30,1,78.87323943661971,High Risk
61,male,1,2,moderate,moderate,2767,21,0,2,50+,3,15.074485373781146,Low Risk
35,female,2,1,little,unknown,1291,12,5,3,30-50,4,7.043607800650055,Low Risk
39,male,2,1,little,little,2522,30,5,1,30-50,3,13.783856988082341,Low Risk
29,female,2,1,unknown,little,915,24,1,1,<30,4,5.0568797399783305,Low Risk
51,male,2,1,little,unknown,1595,6,5,2,50+,3,8.666034669555795,Low Risk
24,male,2,0,little,little,4605,48,1,0,<30,1,25.140845070422536,Low Risk
27,female,2,1,little,unknown,1185,12,0,3,<30,4,6.469393282773566,Low Risk
35,female,1,1,quite rich,unknown,3447,12,3,3,30-50,4,18.722914409534127,Low Risk
25,male,2,1,little,unknown,1258,24,0,1,<30,4,6.913596966413868,Low Risk
52,male,2,1,little,unknown,717,12,5,2,50+,3,3.9341820151679316,Low Risk
35,male,2,2,moderate,unknown,1204,6,1,3,30-50,4,6.5479414951245944,Low Risk
26,male,2,1,little,rich,1925,24,4,1,<30,4,10.525460455037921,Low Risk
22,female,2,2,little,unknown,433,18,5,3,<30,4,2.4200975081256777,Low Risk
39,female,1,1,rich,little,666,6,1,3,30-50,4,3.6321776814734563,Low Risk
46,female,1,1,little,rich,2251,12,4,2,30-50,4,12.242686890574216,Low Risk
24,female,2,1,little,moderate,2150,30,1,1,<30,4,11.76868905742145,Low Risk
35,male,2,1,moderate,unknown,4151,24,4,1,30-50,1,22.585319609967495,Low Risk
24,male,2,1,unknown,moderate,2030,9,4,3,<30,4,11.036023835319611,Low Risk
27,male,1,1,unknown,moderate,7418,60,5,0,<30,2,40.43066088840737,Low Risk
35,male,1,1,little,unknown,2684,24,5,3,30-50,4,14.638407367280609,Low Risk
29,male,2,0,little,little,2149,12,5,3,<30,4,11.690140845070424,Low Risk
23,female,2,1,moderate,unknown,3812,15,1,1,<30,4,20.71235102925244,Low Risk
57,female,1,1,moderate,unknown,1154,11,5,2,50+,3,6.297399783315277,Low Risk
27,male,2,1,little,little,1657,12,4,3,<30,4,9.024918743228604,Low Risk
55,female,2,1,little,little,1603,24,5,2,50+,3,8.781148429035754,Low Risk
36,male,3,0,little,little,5302,18,1,1,30-50,2,28.794691224268693,Low Risk
57,female,1,0,little,unknown,2748,12,3,2,50+,3,14.936348862405199,Low Risk
32,male,1,1,little,unknown,1231,10,1,3,30-50,4,6.710455037919827,Low Risk
37,male,2,1,little,moderate,802,15,5,3,30-50,4,4.405471289274106,Low Risk
36,male,2,1,unknown,unknown,6304,36,0,0,30-50,2,34.29983748645721,Low Risk
38,female,2,1,little,unknown,1533,24,5,1,30-50,4,8.403304442036838,Low Risk
45,male,3,1,little,little,8978,14,1,0,30-50,2,48.691765980498374,Low Risk
25,male,2,1,unknown,unknown,999,24,5,1,<30,4,5.513271939328278,Low Risk
32,male,2,1,unknown,unknown,2662,18,1,1,30-50,4,14.49756229685807,Low Risk
37,female,2,2,quite rich,unknown,1402,12,4,3,30-50,4,7.644907908992418,Low Risk
36,male,3,0,unknown,moderate,12169,48,1,0,30-50,2,66.11863488624051,Medium Risk
28,male,2,1,little,moderate,3060,48,5,1,<30,1,16.77139761646804,Low Risk
34,male,1,1,little,little,11998,30,6,0,30-50,1,65.11646803900325,Medium Risk
32,male,2,1,little,unknown,2697,9,5,3,30-50,4,14.647887323943662,Low Risk
26,female,2,1,little,unknown,2404,18,5,1,<30,4,13.097237269772483,Low Risk
49,male,1,1,unknown,little,1262,12,4,2,30-50,4,6.887865655471289,Low Risk
32,female,2,1,little,unknown,4611,6,4,3,30-50,4,25.00406283856988,Low Risk
29,male,3,2,moderate,unknown,1901,24,5,1,<30,1,10.396803900325029,Low Risk
23,male,2,2,rich,unknown,3368,15,1,1,<30,4,18.30715059588299,Low Risk
50,male,2,1,little,unknown,1574,12,4,2,30-50,3,8.576652221018419,Low Risk
49,male,1,1,unknown,rich,1445,18,5,2,30-50,4,7.9035752979414955,Low Risk
63,male,2,1,unknown,unknown,1520,15,4,2,50+,3,8.29902491874323,Low Risk
37,male,2,1,moderate,moderate,3878,24,1,1,30-50,3,21.105092091007585,Low Risk
35,female,1,1,little,little,10722,47,1,0,30-50,2,58.27329360780066,Medium Risk
26,male,2,1,little,little,4788,48,1,0,<30,1,26.132177681473458,Low Risk
31,male,3,0,moderate,moderate,7582,48,7,0,30-50,2,41.26760563380282,Low Risk
49,female,2,1,little,moderate,1092,12,5,2,30-50,3,5.9642470205850495,Low Risk
48,male,2,1,little,little,1024,24,5,2,30-50,3,5.644637053087758,Low Risk
26,male,2,1,little,unknown,1076,12,0,3,<30,4,5.878927410617552,Low Risk
28,male,3,2,little,moderate,9398,36,1,0,<30,2,51.05633802816902,Medium Risk
44,female,3,0,little,little,6419,24,1,0,30-50,2,34.86998916576381,Low Risk
56,male,2,0,little,rich,4796,42,1,0,50+,2,26.151137594799568,Low Risk
46,male,3,1,unknown,unknown,7629,48,0,0,30-50,2,41.526273022751894,Low Risk
26,female,2,1,little,moderate,9960,48,4,0,<30,2,54.14951245937162,Medium Risk
20,female,2,2,unknown,unknown,4675,12,1,1,<30,4,25.377843986998915,Low Risk
45,male,1,1,unknown,unknown,1287,10,1,2,30-50,4,7.016522210184184,Low Risk
43,male,2,1,little,unknown,2515,18,4,2,30-50,3,13.698537378114843,Low Risk
32,male,2,1,rich,moderate,2745,21,4,1,30-50,4,14.95530877573131,Low Risk
54,female,0,1,little,unknown,672,6,1,2,50+,3,3.666034669555797,Low Risk
42,female,2,1,little,moderate,3804,36,5,1,30-50,3,20.75297941495125,Low Risk
37,male,1,1,unknown,rich,1344,24,1,3,30-50,4,7.380823401950163,Low Risk
49,male,2,1,little,little,1038,10,1,2,30-50,3,5.663596966413868,Low Risk
44,male,2,0,quite rich,unknown,10127,48,1,0,30-50,2,55.055525460455044,Medium Risk
33,male,2,1,rich,unknown,1543,6,4,3,30-50,4,8.384344528710725,Low Risk
24,female,1,2,unknown,unknown,4811,30,1,1,<30,4,26.18770314192849,Low Risk
33,male,1,1,moderate,little,727,12,5,3,30-50,4,3.986998916576382,Low Risk
24,female,2,1,little,moderate,1237,8,4,3,<30,4,6.733477789815819,Low Risk
22,male,1,2,little,moderate,276,9,1,3,<30,4,1.5316901408450705,Low Risk
40,male,0,0,unknown,moderate,5381,48,7,1,30-50,1,29.34723726977248,Low Risk
25,male,2,1,moderate,unknown,5511,24,4,1,<30,1,29.952600216684722,Low Risk
26,female,2,1,little,rich,3749,24,4,1,<30,4,20.406283856988086,Low Risk
25,male,1,1,little,moderate,685,12,1,3,<30,4,3.7594799566630552,Low Risk
29,male,1,1,unknown,rich,1494,4,1,3,<30,4,8.112134344528712,Low Risk
31,male,2,1,little,little,2746,36,4,1,30-50,1,15.0216684723727,Low Risk
38,male,1,1,little,little,708,12,4,3,30-50,4,3.8840736728060676,Low Risk
48,female,1,1,unknown,moderate,4351,24,4,2,30-50,3,23.67009750812568,Low Risk
32,male,2,1,little,unknown,701,12,3,3,30-50,4,3.847508125677141,Low Risk
27,female,1,1,little,little,3643,15,4,3,<30,4,19.795503791982664,Low Risk
28,male,3,1,little,moderate,4249,30,1,1,<30,1,23.139219934994586,Low Risk
32,male,2,1,little,little,1938,24,5,1,30-50,4,10.595882990249189,Low Risk
34,male,3,0,little,little,2910,24,1,1,30-50,1,15.861321776814735,Low Risk
28,male,2,1,rich,little,2659,18,4,1,<30,4,14.47724810400867,Low Risk
36,female,2,1,little,unknown,1028,18,1,3,30-50,4,5.643282773564464,Low Risk
39,male,1,1,little,little,3398,8,1,3,30-50,4,18.439869989165768,Low Risk
49,male,2,2,unknown,unknown,5801,12,4,2,30-50,3,31.47751895991332,Low Risk
34,female,2,1,rich,unknown,1525,24,1,1,30-50,4,8.359967497291441,Low Risk
31,male,2,1,little,rich,4473,36,5,1,30-50,1,24.37703141928494,Low Risk
28,male,2,1,little,moderate,1068,6,5,3,<30,4,5.809859154929578,Low Risk
75,male,3,0,little,little,6615,24,1,2,50+,3,35.931744312026,Low Risk
30,female,2,1,moderate,unknown,1864,18,3,3,<30,4,10.171993499458289,Low Risk
24,female,3,1,moderate,moderate,7408,60,1,0,<30,2,40.37378114842904,Low Risk
24,female,1,2,moderate,unknown,11590,48,1,0,<30,2,62.980769230769226,Medium Risk
23,male,2,2,little,little,4110,24,4,1,<30,4,22.361863488624053,Low Risk
44,male,3,2,little,little,3384,6,4,2,30-50,3,18.35590465872156,Low Risk
23,female,1,1,little,moderate,2101,13,5,3,<30,4,11.434182015167933,Low Risk
24,female,2,2,unknown,little,1275,15,2,3,<30,4,6.9704767063921995,Low Risk
28,male,2,1,little,little,4169,24,4,1,<30,4,22.681473456121346,Low Risk
31,male,1,1,little,moderate,1521,10,4,3,30-50,4,8.280065005417118,Low Risk
24,female,2,0,little,moderate,5743,24,3,1,<30,1,31.2080173347779,Low Risk
26,female,1,2,little,little,3599,21,4,3,<30,4,19.581527627302275,Low Risk
25,male,2,2,quite rich,moderate,3213,18,5,1,<30,4,17.478331527627304,Low Risk
33,male,3,1,little,moderate,4439,18,0,1,30-50,1,24.11971830985916,Low Risk
37,male,1,1,little,rich,3949,10,1,3,30-50,4,21.43282773564464,Low Risk
43,female,1,1,little,unknown,1459,15,5,3,30-50,4,7.965872156013002,Low Risk
23,male,2,1,little,moderate,882,13,5,3,<30,4,4.830715059588299,Low Risk
23,female,0,2,quite rich,moderate,3758,24,5,3,<30,4,20.455037919826655,Low Risk
34,male,1,1,moderate,unknown,1743,6,0,3,30-50,4,9.467768147345613,Low Risk
32,male,2,0,rich,moderate,1136,9,3,3,30-50,4,6.190411700975082,Low Risk
23,female,2,2,little,unknown,1236,9,2,3,<30,4,6.733477789815819,Low Risk
29,female,2,1,little,moderate,959,9,4,3,<30,4,5.231581798483207,Low Risk
38,male,3,1,unknown,unknown,3229,18,1,1,30-50,3,17.569068255687974,Low Risk
28,male,2,2,little,little,6199,12,5,1,<30,4,33.629469122426876,Low Risk
46,male,2,0,quite rich,unknown,727,10,3,2,30-50,4,3.980227518959914,Low Risk
23,male,1,1,little,moderate,1246,24,1,3,<30,4,6.8472372697724815,Low Risk
49,male,2,1,unknown,unknown,2331,12,5,2,30-50,3,12.680119176598053,Low Risk
26,male,3,1,little,unknown,4463,36,5,0,<30,1,24.324214517876488,Low Risk
28,male,2,1,little,unknown,776,12,5,3,<30,4,4.2537919826652235,Low Risk
23,female,2,2,little,little,2406,30,4,1,<30,4,13.155471289274107,Low Risk
61,male,2,0,unknown,moderate,1239,18,3,2,50+,3,6.787648970747561,Low Risk
37,male,3,1,unknown,rich,3399,12,5,1,30-50,3,18.464247020585052,Low Risk
36,female,2,1,little,rich,2247,12,1,3,30-50,4,12.221018418201519,Low Risk
21,male,2,2,little,unknown,1766,6,4,3,<30,4,9.592361863488625,Low Risk
25,male,0,1,little,little,2473,18,4,3,<30,4,13.469664138678223,Low Risk
36,male,2,1,little,unknown,1542,12,0,3,30-50,4,8.403304442036838,Low Risk
27,male,2,1,little,unknown,3850,18,1,1,<30,4,20.930390032502707,Low Risk
22,female,2,2,little,little,3650,18,4,1,<30,4,19.84561213434453,Low Risk
42,male,2,1,little,little,3446,36,4,1,30-50,3,18.8136511375948,Low Risk
40,female,2,2,little,moderate,3001,18,4,1,30-50,4,16.329902491874325,Low Risk
36,male,2,1,unknown,unknown,3079,36,1,1,30-50,1,16.829631635969662,Low Risk
33,male,2,1,little,unknown,6070,18,5,1,30-50,1,32.95639219934994,Low Risk
23,female,2,2,little,unknown,2146,10,4,3,<30,4,11.667118093174434,Low Risk
63,male,3,0,unknown,unknown,13756,60,1,0,50+,2,74.76570964247021,Medium Risk
60,female,3,0,moderate,moderate,14782,60,7,0,50+,2,80.3196099674973,High Risk
37,female,2,2,little,little,7685,48,0,0,30-50,2,41.82556879739979,Low Risk
34,male,2,1,little,unknown,2320,18,5,1,30-50,4,12.642199349945829,Low Risk
36,male,2,0,unknown,unknown,846,7,5,3,30-50,4,4.615384615384617,Low Risk
57,male,3,0,little,moderate,14318,36,1,0,50+,2,77.70855904658724,High Risk
52,female,1,1,moderate,unknown,362,6,1,2,50+,3,1.986728060671723,Low Risk
39,male,2,1,unknown,little,2212,20,4,1,30-50,4,12.066630552546046,Low Risk
38,female,3,0,little,moderate,12976,18,1,0,30-50,2,70.36565547128927,Medium Risk
25,female,2,2,unknown,unknown,1283,22,1,1,<30,4,7.043607800650056,Low Risk
26,male,2,1,little,rich,1330,12,1,3,<30,4,7.253521126760563,Low Risk
26,male,1,1,moderate,unknown,4272,30,0,1,<30,4,23.26516793066089,Low Risk
25,female,2,1,little,unknown,2238,18,5,1,<30,4,12.197995666305527,Low Risk
21,female,2,2,unknown,unknown,1126,18,5,3,<30,4,6.176868905742146,Low Risk
40,male,3,1,little,moderate,7374,18,4,0,30-50,2,40.01895991332612,Low Risk
27,male,2,1,quite rich,moderate,2326,15,0,3,<30,4,12.66115926327194,Low Risk
27,female,2,1,little,unknown,1449,9,0,3,<30,4,7.887323943661972,Low Risk
30,male,3,1,little,unknown,1820,18,1,1,<30,4,9.933640303358613,Low Risk
19,female,1,2,rich,moderate,983,12,4,3,<30,4,5.373781148429037,Low Risk
39,male,3,0,little,little,3249,36,1,0,30-50,2,17.74647887323944,Low Risk
31,female,2,1,little,little,1957,6,5,3,30-50,4,10.625677139761647,Low Risk
31,male,3,1,little,unknown,2406,9,4,1,30-50,4,13.071505958829905,Low Risk
32,male,2,2,moderate,moderate,11760,39,3,0,30-50,2,63.86375947995666,Medium Risk
55,female,3,0,little,little,2578,12,4,2,50+,3,14.014084507042254,Low Risk
46,male,2,1,little,little,2348,36,4,1,30-50,3,12.865655471289275,Low Risk
46,male,2,2,little,moderate,1223,12,1,2,30-50,4,6.6738894907909,Low Risk
43,female,1,1,rich,unknown,1516,24,5,3,30-50,4,8.311213434452872,Low Risk
39,male,2,1,little,unknown,1473,18,5,3,30-50,4,8.053900325027087,Low Risk
28,male,2,1,unknown,moderate,1887,18,0,3,<30,4,10.297941495124595,Low Risk
27,male,2,1,little,unknown,8648,24,0,0,<30,1,46.94609967497291,Low Risk
27,male,1,1,little,unknown,802,14,1,3,<30,4,4.402762730227519,Low Risk
43,male,2,1,unknown,moderate,2899,18,1,2,30-50,3,15.780065005417121,Low Risk
22,male,2,1,little,moderate,2039,24,5,1,<30,4,11.143011917659805,Low Risk
43,male,2,1,unknown,unknown,2197,24,1,2,30-50,3,12.002979414951248,Low Risk
27,male,2,1,little,little,1053,15,5,3,<30,4,5.765167930660889,Low Risk
26,male,3,1,quite rich,unknown,3235,24,5,1,<30,1,17.623239436619716,Low Risk
28,male,2,1,quite rich,rich,939,12,1,3,<30,4,5.135427952329361,Low Risk
20,female,2,1,little,moderate,1967,24,5,1,<30,4,10.752979414951247,Low Risk
35,male,3,1,little,unknown,7253,33,1,0,30-50,2,39.425785482123516,Low Risk
42,male,3,1,little,unknown,2292,12,0,2,30-50,3,12.466143011917662,Low Risk
40,male,1,2,quite rich,unknown,1597,10,1,3,30-50,4,8.693120260021669,Low Risk
35,female,2,1,unknown,little,1381,24,1,1,30-50,4,7.581256771397617,Low Risk
35,male,2,1,little,unknown,5842,36,1,0,30-50,1,31.794420368364033,Low Risk
33,male,1,1,little,little,2579,12,1,3,30-50,4,14.019501625135428,Low Risk
23,female,2,2,unknown,little,8471,18,3,1,<30,1,45.96424702058505,Low Risk
31,female,3,1,quite rich,unknown,2782,21,1,1,30-50,1,15.157096424702058,Low Risk
33,female,2,1,unknown,moderate,1042,18,1,3,30-50,4,5.720476706392199,Low Risk
20,female,2,2,rich,unknown,3186,15,1,1,<30,4,17.321235102925243,Low Risk
30,male,2,1,unknown,moderate,2028,12,1,3,<30,4,11.037378114842905,Low Risk
47,male,1,1,little,moderate,958,12,1,2,30-50,4,5.238353196099676,Low Risk
34,male,3,1,moderate,unknown,1591,21,4,1,30-50,4,8.70530877573131,Low Risk
25,female,2,1,unknown,moderate,2762,12,4,3,<30,4,15.013542795232935,Low Risk
21,male,2,2,little,moderate,2779,18,1,1,<30,4,15.127302275189603,Low Risk
29,male,2,1,little,unknown,2743,28,5,1,<30,4,14.974268689057421,Low Risk
46,male,2,1,rich,unknown,1149,18,5,2,30-50,4,6.29875406283857,Low Risk
20,male,2,1,little,unknown,1313,9,4,3,<30,4,7.15059588299025,Low Risk
55,female,0,0,little,little,1190,18,6,2,50+,3,6.519501625135428,Low Risk
74,male,1,1,little,unknown,3448,5,0,2,50+,3,18.699891657638133,Low Risk
29,male,3,1,little,moderate,11328,24,7,0,<30,2,61.462621885157084,Medium Risk
36,male,3,0,little,little,1872,6,4,1,30-50,4,10.16522210184182,Low Risk
33,male,2,1,little,unknown,2058,24,6,1,30-50,4,11.247291440953415,Low Risk
25,male,2,1,little,little,2136,9,4,3,<30,4,11.607529794149514,Low Risk
25,male,2,1,unknown,moderate,1484,12,5,3,<30,4,8.090465872156015,Low Risk
23,male,1,2,quite rich,unknown,660,6,6,3,<30,4,3.601029252437703,Low Risk
37,female,2,1,rich,unknown,1287,24,1,1,30-50,4,7.070693391115928,Low Risk
65,male,0,1,little,little,3394,42,6,2,50+,3,18.556338028169016,Low Risk
26,female,0,1,little,rich,609,12,0,3,<30,4,3.347778981581799,Low Risk
39,male,3,1,little,unknown,1884,12,1,1,30-50,3,10.255958829902493,Low Risk
30,female,2,1,little,little,1620,12,4,3,<30,4,8.82448537378115,Low Risk
29,male,2,1,little,moderate,2629,20,7,1,<30,4,14.322860238353197,Low Risk
41,male,1,1,little,unknown,719,12,3,3,30-50,4,3.9450162513542804,Low Risk
30,female,3,1,little,moderate,5096,48,4,0,<30,2,27.800650054171182,Low Risk
41,female,1,2,unknown,unknown,1244,9,3,3,30-50,4,6.7795232936078005,Low Risk
34,female,2,1,little,little,1842,36,1,1,30-50,1,10.124593716143012,Low Risk
35,male,2,1,little,moderate,2576,7,5,3,30-50,4,13.9829360780065,Low Risk
55,female,3,1,unknown,rich,1424,12,4,2,50+,3,7.765438786565548,Low Risk
61,male,2,1,rich,moderate,1512,15,6,2,50+,3,8.251625135427954,Low Risk
30,male,3,1,unknown,unknown,11054,36,1,0,<30,2,60.03114842903577,Medium Risk
29,female,2,1,little,unknown,518,6,5,3,<30,4,2.831798483206934,Low Risk
34,male,2,1,little,unknown,2759,12,4,3,30-50,4,14.995937161430117,Low Risk
35,male,3,1,little,unknown,2670,24,1,1,30-50,3,14.562567713976163,Low Risk
31,male,2,1,little,little,4817,24,1,1,30-50,1,26.191765980498378,Low Risk
29,female,3,1,little,unknown,2679,24,1,1,<30,1,14.611321776814737,Low Risk
36,male,2,2,little,little,3905,11,1,1,30-50,4,21.198537378114843,Low Risk
35,male,2,0,little,little,3386,12,1,1,30-50,4,18.391115926327195,Low Risk
27,female,2,1,little,little,343,6,2,3,<30,4,1.8824485373781155,Low Risk
32,male,2,1,little,unknown,4594,18,5,1,30-50,4,24.96072589382449,Low Risk
37,male,2,1,little,little,3620,36,4,1,30-50,1,19.75622968580715,Low Risk
36,male,2,1,little,little,1721,15,1,3,30-50,4,9.38380281690141,Low Risk
34,female,3,2,little,moderate,3017,12,4,1,30-50,4,16.392199349945827,Low Risk
38,male,2,1,unknown,moderate,754,12,3,3,30-50,4,4.1359696641386785,Low Risk
34,male,2,1,little,unknown,1950,18,0,1,30-50,4,10.63786565547129,Low Risk
63,male,2,1,little,little,2924,24,1,2,50+,3,15.937161430119179,Low Risk
29,female,1,2,little,little,1659,24,5,3,<30,4,9.084507042253522,Low Risk
32,male,2,1,unknown,unknown,7238,48,5,0,30-50,2,39.40817984832069,Low Risk
26,female,2,1,little,unknown,2764,33,0,1,<30,1,15.108342361863492,Low Risk
35,male,1,1,little,unknown,4679,24,1,1,30-50,4,25.4455579631636,Low Risk
22,male,2,2,moderate,moderate,3092,24,5,1,<30,4,16.84723726977248,Low Risk
23,female,2,1,little,little,448,6,3,3,<30,4,2.4512459371614304,Low Risk
28,male,1,1,little,little,654,9,1,3,<30,4,3.579360780065006,Low Risk
36,male,3,1,unknown,unknown,1238,6,3,3,30-50,4,6.734832069339112,Low Risk
33,male,2,1,little,moderate,1245,18,5,3,30-50,4,6.8174431202600205,Low Risk
26,female,2,2,little,little,3114,18,4,1,<30,4,16.942036836403037,Low Risk
24,male,2,1,quite rich,unknown,2569,39,1,1,<30,1,14.076381365113761,Low Risk
25,male,2,1,little,rich,5152,24,5,1,<30,1,28.00650054171181,Low Risk
39,male,1,1,moderate,moderate,1037,12,0,3,30-50,4,5.666305525460456,Low Risk
44,male,2,1,little,little,1478,15,4,2,30-50,4,8.067443120260021,Low Risk
23,female,1,1,little,moderate,3573,12,5,3,<30,4,19.404117009750813,Low Risk
26,male,2,1,little,moderate,1201,24,1,1,<30,4,6.6034669555796315,Low Risk
57,female,2,2,rich,little,3622,30,4,2,50+,3,19.74268689057422,Low Risk
30,female,2,1,rich,unknown,960,15,4,3,<30,4,5.2627302275189605,Low Risk
44,male,2,1,quite rich,unknown,1163,12,1,2,30-50,4,6.350216684723728,Low Risk
47,male,3,1,little,moderate,1209,6,1,2,30-50,3,6.573672806067172,Low Risk
52,male,2,1,little,unknown,3077,12,5,2,50+,3,16.718580715059588,Low Risk
62,female,2,0,little,unknown,3757,24,1,2,50+,3,20.45097508125677,Low Risk
35,male,1,2,moderate,unknown,1418,10,1,3,30-50,4,7.723456121343446,Low Risk
26,male,2,2,little,unknown,3518,6,1,3,<30,4,19.083152762730226,Low Risk
26,male,2,1,little,unknown,1934,12,5,3,<30,4,10.526814734561214,Low Risk
42,female,3,0,little,moderate,8318,27,0,0,30-50,2,45.1692849404117,Low Risk
27,female,2,1,moderate,unknown,1237,6,5,3,<30,4,6.726706392199351,Low Risk
38,male,2,1,unknown,moderate,368,6,5,3,30-50,4,2.020585048754063,Low Risk
39,male,1,2,little,little,2122,12,1,3,30-50,4,11.543878656554714,Low Risk
20,male,2,1,unknown,little,2996,24,4,1,<30,4,16.329902491874325,Low Risk
29,male,3,2,moderate,moderate,9034,36,4,0,<30,2,49.08450704225353,Low Risk
40,male,2,1,little,unknown,1585,24,4,1,30-50,4,8.684994582881908,Low Risk
32,male,1,1,little,moderate,1301,18,5,3,30-50,4,7.12080173347779,Low Risk
28,male,2,1,moderate,rich,1323,6,1,3,<30,4,7.191224268689058,Low Risk
27,female,2,1,little,little,3123,24,1,1,<30,4,17.01516793066089,Low Risk
42,male,2,0,little,little,5493,36,1,0,30-50,2,29.902491874322866,Low Risk
49,male,2,1,moderate,rich,1126,9,5,2,30-50,3,6.136240520043337,Low Risk
38,male,2,1,moderate,moderate,1216,24,5,1,30-50,4,6.684723726977248,Low Risk
24,female,2,2,little,little,1207,24,1,1,<30,4,6.6359696641386785,Low Risk
27,male,1,1,unknown,unknown,1309,10,1,3,<30,4,7.135698808234022,Low Risk
36,male,2,1,quite rich,rich,2360,15,1,3,30-50,4,12.84534127843987,Low Risk
34,male,3,1,moderate,moderate,6850,15,1,1,30-50,2,37.16820151679306,Low Risk
28,male,2,1,little,unknown,1413,24,5,1,<30,4,7.753250270855906,Low Risk
45,male,3,1,moderate,unknown,8588,39,1,0,30-50,2,46.682015167930665,Low Risk
26,male,2,1,little,little,759,12,1,3,<30,4,4.160346695557964,Low Risk
32,male,3,0,little,unknown,4686,36,1,0,30-50,1,25.532231852654384,Low Risk
26,male,2,2,little,rich,2687,15,0,3,<30,4,14.616738894907908,Low Risk
20,male,2,2,little,moderate,585,12,5,3,<30,4,3.217768147345612,Low Risk
54,male,2,1,unknown,unknown,2255,24,1,2,50+,3,12.317172264355364,Low Risk
37,female,2,1,little,little,609,6,1,3,30-50,4,3.323401950162514,Low Risk
40,male,1,1,little,little,1361,6,1,3,30-50,4,7.397074756229685,Low Risk
23,female,2,2,little,unknown,7127,36,4,0,<30,1,38.75541711809318,Low Risk
43,male,2,1,moderate,little,1203,6,1,2,30-50,4,6.541170097508127,Low Risk
36,male,2,0,unknown,unknown,700,6,5,3,30-50,4,3.820422535211268,Low Risk
44,male,2,0,little,unknown,5507,24,6,1,30-50,3,29.930931744312023,Low Risk
24,female,2,1,little,little,3190,18,5,1,<30,4,17.35373781148429,Low Risk
53,male,2,0,little,little,7119,48,4,0,50+,2,38.759479956663064,Low Risk
23,female,2,1,moderate,unknown,3488,24,1,1,<30,4,18.993770314192847,Low Risk
26,female,1,1,little,moderate,1113,18,5,3,<30,4,6.102383531960997,Low Risk
30,male,2,1,little,moderate,7966,26,1,0,<30,1,43.258396533044426,Low Risk
31,female,2,1,moderate,unknown,1532,15,3,3,30-50,4,8.361321776814735,Low Risk
42,male,1,1,little,unknown,1503,4,5,3,30-50,4,8.159534127843989,Low Risk
31,male,2,2,little,little,2302,36,5,1,30-50,1,12.616468039003252,Low Risk
41,male,1,1,little,little,662,6,1,3,30-50,4,3.610509209100759,Low Risk
32,male,2,1,little,moderate,2273,36,3,1,30-50,1,12.459371614301192,Low Risk
28,female,2,2,moderate,moderate,2631,15,1,3,<30,4,14.313380281690142,Low Risk
41,male,2,2,little,unknown,1503,12,1,2,30-50,4,8.192036836403036,Low Risk
26,male,2,1,moderate,unknown,1311,24,5,1,<30,4,7.200704225352113,Low Risk
25,male,2,1,unknown,unknown,3105,24,5,1,<30,4,16.92172264355363,Low Risk
33,male,2,2,little,rich,2319,21,3,1,30-50,4,12.647616468039002,Low Risk
75,female,3,1,unknown,little,1374,6,1,2,50+,3,7.470205850487541,Low Risk
37,female,2,1,little,moderate,3612,18,4,1,30-50,4,19.639761646803905,Low Risk
42,male,3,0,little,little,7763,48,1,0,30-50,2,42.24810400866739,Low Risk
45,female,1,1,little,rich,3049,18,4,2,30-50,4,16.589924160346698,Low Risk
23,male,2,2,little,moderate,1534,12,5,3,<30,4,8.358613217768147,Low Risk
60,male,2,0,little,unknown,2032,24,1,2,50+,3,11.10644637053088,Low Risk
31,male,2,1,unknown,little,6350,30,4,1,30-50,1,34.523293607800646,Low Risk
34,male,1,1,little,rich,2864,18,4,3,30-50,4,15.58775731310943,Low Risk
61,male,1,1,little,unknown,1255,12,1,2,50+,3,6.848591549295775,Low Risk
43,male,2,0,little,little,1333,24,1,2,30-50,3,7.318526543878658,Low Risk
37,female,2,1,little,unknown,2022,24,1,1,30-50,4,11.052275189599134,Low Risk
32,male,2,1,little,unknown,1552,24,5,1,30-50,4,8.506229685807153,Low Risk
24,female,1,1,little,little,626,12,5,3,<30,4,3.4398699891657643,Low Risk
35,male,2,0,unknown,unknown,8858,48,1,0,30-50,2,48.18391115926327,Low Risk
23,female,2,1,unknown,unknown,996,12,6,3,<30,4,5.448266522210185,Low Risk
45,male,1,1,quite rich,unknown,1750,6,5,2,30-50,4,9.505687973997832,Low Risk
34,male,2,1,little,little,6999,48,5,0,30-50,2,38.10942578548213,Low Risk
27,male,2,1,moderate,moderate,1995,12,1,3,<30,4,10.85590465872156,Low Risk
67,female,3,1,little,moderate,1199,9,3,2,50+,3,6.53169014084507,Low Risk
22,male,2,1,little,moderate,1331,12,5,3,<30,4,7.258938244853738,Low Risk
28,female,2,1,moderate,moderate,2278,18,1,1,<30,4,12.41332611050921,Low Risk
29,female,2,1,unknown,unknown,5003,21,1,1,<30,1,27.19122426868906,Low Risk
27,male,2,1,little,little,3552,24,4,1,<30,4,19.339111592632722,Low Risk
31,male,1,1,little,moderate,1928,18,4,3,30-50,4,10.517334777898158,Low Risk
49,male,2,0,unknown,little,2964,24,1,2,30-50,3,16.156554712892742,Low Risk
24,male,1,2,little,little,1546,24,5,3,<30,4,8.472372697724813,Low Risk
29,female,2,1,little,rich,683,6,5,3,<30,4,3.7242686890574217,Low Risk
37,male,2,0,unknown,moderate,12389,36,1,0,30-50,2,67.26164680390033,Medium Risk
37,male,3,1,unknown,moderate,4712,24,0,1,30-50,2,25.62567713976165,Low Risk
23,female,2,2,moderate,moderate,1553,24,5,1,<30,4,8.510292524377034,Low Risk
36,male,2,1,little,little,1372,12,1,3,30-50,4,7.48104008667389,Low Risk
34,male,2,1,rich,unknown,2578,24,5,1,30-50,4,14.064192849404117,Low Risk
41,male,2,1,unknown,moderate,3979,48,5,0,30-50,2,21.752437703141933,Low Risk
31,female,2,1,little,little,6758,48,5,0,30-50,2,36.80390032502709,Low Risk
23,female,1,2,little,little,3234,24,4,3,<30,4,17.61646803900325,Low Risk
38,male,2,1,little,unknown,5954,30,5,1,30-50,2,32.37676056338028,Low Risk
26,female,3,2,unknown,unknown,5433,24,1,1,<30,1,29.532773564463703,Low Risk
22,female,1,1,little,little,806,15,0,3,<30,4,4.427139761646804,Low Risk
27,male,1,1,little,moderate,1082,9,5,3,<30,4,5.897887323943662,Low Risk
24,female,2,1,little,unknown,2788,15,4,3,<30,4,15.165222101841819,Low Risk
27,female,2,1,little,moderate,2930,12,5,3,<30,4,15.920910075839654,Low Risk
33,female,2,1,unknown,unknown,1927,24,3,1,30-50,4,10.540357529794152,Low Risk
27,male,2,1,little,moderate,2820,36,1,1,<30,1,15.422535211267604,Low Risk
27,male,1,1,little,unknown,937,24,3,3,<30,4,5.1747020585048755,Low Risk
30,male,2,1,little,moderate,1056,18,1,3,<30,4,5.793607800650054,Low Risk
49,male,1,1,little,moderate,3124,12,1,2,30-50,3,16.971830985915492,Low Risk
26,female,2,2,little,unknown,1388,9,4,3,<30,4,7.556879739978332,Low Risk
33,male,1,2,little,moderate,2384,36,6,1,30-50,4,13.060671722643551,Low Risk
52,female,3,0,unknown,unknown,2133,12,1,2,50+,3,11.607529794149514,Low Risk
20,female,2,2,little,little,2039,18,4,3,<30,4,11.118634886240521,Low Risk
36,male,2,2,little,little,2799,9,1,3,30-50,4,15.199079089924163,Low Risk
21,male,1,1,little,little,1289,12,4,3,<30,4,7.031419284940413,Low Risk
47,male,1,1,little,little,1217,18,2,2,30-50,4,6.665763813651138,Low Risk
60,male,2,1,little,little,2246,12,4,2,50+,3,12.215601300108343,Low Risk
58,female,1,1,little,little,385,12,5,2,50+,3,2.134344528710726,Low Risk
42,female,2,2,unknown,moderate,1965,24,1,1,30-50,3,10.744853737811486,Low Risk
36,female,1,1,rich,unknown,1572,21,0,3,30-50,4,8.602383531960998,Low Risk
20,female,1,2,little,moderate,2718,24,1,3,<30,4,14.821235102925245,Low Risk
40,male,3,1,unknown,little,1358,24,7,1,30-50,3,7.456663055254606,Low Risk
32,female,1,1,moderate,moderate,931,6,1,3,30-50,4,5.067713976164681,Low Risk
23,female,2,2,little,little,1442,24,1,1,<30,4,7.908992416034671,Low Risk
36,male,1,1,little,moderate,4241,24,0,1,30-50,4,23.071505958829906,Low Risk
31,male,2,1,little,unknown,2775,18,1,1,30-50,4,15.106988082340195,Low Risk
32,male,2,0,little,unknown,3863,24,0,1,30-50,4,21.025189599133263,Low Risk
45,female,2,1,little,moderate,2329,7,5,2,30-50,4,12.644907908992417,Low Risk
30,female,2,1,little,moderate,918,9,4,3,<30,4,5.009479956663056,Low Risk
34,female,1,0,little,moderate,1837,24,3,3,30-50,4,10.048754062838572,Low Risk
28,female,3,1,little,unknown,3349,36,4,0,<30,1,18.28954496208017,Low Risk
23,female,2,1,little,rich,1275,10,4,3,<30,4,6.947453954496208,Low Risk
22,male,2,1,quite rich,little,2828,24,4,1,<30,4,15.41711809317443,Low Risk
74,male,3,1,little,unknown,4526,24,0,2,50+,3,24.61673889490791,Low Risk
50,female,2,0,moderate,moderate,2671,36,5,2,30-50,3,14.615384615384617,Low Risk
33,male,2,1,little,unknown,2051,18,5,1,30-50,4,11.184994582881908,Low Risk
45,male,2,0,unknown,unknown,1300,15,1,2,30-50,4,7.107258938244855,Low Risk
22,female,2,1,moderate,little,741,12,2,3,<30,4,4.0628385698808245,Low Risk
48,female,1,0,moderate,rich,1240,10,1,2,30-50,4,6.757854821235103,Low Risk
29,female,2,1,rich,little,3357,21,5,1,<30,4,18.270585048754064,Low Risk
22,female,2,2,little,little,3632,24,1,1,<30,4,19.772481040086674,Low Risk
22,female,2,1,little,unknown,1808,18,4,3,<30,4,9.868634886240521,Low Risk
48,male,3,1,unknown,moderate,12204,48,0,0,30-50,2,66.30823401950163,Medium Risk
27,male,3,0,unknown,moderate,9157,60,5,0,<30,2,49.8510292524377,Low Risk
37,male,2,2,little,little,3676,6,1,3,30-50,4,19.937703141928495,Low Risk
21,female,2,2,moderate,moderate,3441,30,4,1,<30,1,18.762188515709642,Low Risk
49,male,1,1,little,unknown,640,12,1,2,30-50,4,3.5170639219934996,Low Risk
27,male,2,1,little,moderate,3652,21,0,1,<30,4,19.86863488624052,Low Risk
32,male,2,1,little,unknown,1530,18,1,3,30-50,4,8.362676056338028,Low Risk
38,male,2,1,unknown,unknown,3914,48,0,0,30-50,2,21.401679306608887,Low Risk
22,female,2,2,little,little,1858,12,4,3,<30,4,10.113759479956665,Low Risk
65,male,2,0,little,little,2600,18,5,2,50+,3,14.157638136511377,Low Risk
35,male,2,1,unknown,unknown,1979,15,5,3,30-50,4,10.785482123510294,Low Risk
41,male,2,1,little,rich,2116,6,4,2,30-50,4,11.486998916576383,Low Risk
29,male,2,1,moderate,moderate,1437,9,1,3,<30,4,7.820964247020587,Low Risk
36,male,2,1,quite rich,unknown,4042,42,4,0,30-50,1,22.06798483206934,Low Risk
64,male,1,1,unknown,unknown,3832,9,3,2,50+,3,20.799024918743232,Low Risk
28,female,2,1,little,little,3660,24,5,1,<30,4,19.924160346695558,Low Risk
44,male,2,1,little,little,1553,18,4,2,30-50,4,8.485915492957746,Low Risk
23,male,2,1,unknown,moderate,1444,15,5,3,<30,4,7.885969664138679,Low Risk
19,female,2,2,little,unknown,1980,9,4,3,<30,4,10.763813651137594,Low Risk
25,female,1,1,little,moderate,1355,24,1,3,<30,4,7.437703141928495,Low Risk
47,male,2,1,little,unknown,1393,12,3,2,30-50,4,7.596153846153847,Low Risk
28,female,2,1,quite rich,unknown,1376,24,5,1,<30,4,7.552816901408452,Low Risk
21,male,2,1,little,unknown,15653,60,5,0,<30,2,85.03927410617553,High Risk
34,female,2,1,little,unknown,1493,12,5,3,30-50,4,8.137865655471291,Low Risk
26,male,2,1,little,little,4370,42,5,1,<30,1,23.843445287107258,Low Risk
27,female,0,1,little,little,750,18,3,3,<30,4,4.135969664138678,Low Risk
38,male,1,1,little,moderate,1308,15,6,3,30-50,4,7.146533044420369,Low Risk
40,male,3,1,moderate,unknown,4623,15,3,1,30-50,3,25.1056338028169,Low Risk
33,male,2,1,little,unknown,1851,24,5,1,30-50,4,10.125947995666309,Low Risk
32,male,3,1,little,little,1880,18,5,1,30-50,4,10.257313109425786,Low Risk
27,male,2,2,unknown,unknown,7980,36,0,0,<30,1,43.37892741061755,Low Risk
32,male,2,1,little,little,4583,30,4,1,30-50,1,24.948537378114843,Low Risk
26,female,2,1,quite rich,unknown,1386,12,1,3,<30,4,7.558234019501625,Low Risk
38,male,2,0,little,rich,947,24,1,1,30-50,4,5.2275189599133265,Low Risk
40,male,1,2,little,little,684,12,3,3,30-50,4,3.7540628385698813,Low Risk
50,male,3,0,little,little,7476,48,3,0,30-50,2,40.69339111592633,Low Risk
37,male,1,1,little,moderate,1922,12,4,3,30-50,4,10.460455037919827,Low Risk
45,male,2,1,little,little,2303,24,1,2,30-50,3,12.573131094257855,Low Risk
42,male,3,1,moderate,moderate,8086,36,1,0,30-50,2,43.94907908992416,Low Risk
35,male,2,1,little,unknown,2346,24,1,1,30-50,4,12.80742145178765,Low Risk
22,male,2,0,little,little,3973,14,1,1,<30,4,21.579089924160346,Low Risk
41,male,1,1,little,moderate,888,12,1,3,30-50,4,4.859154929577466,Low Risk
37,male,2,1,unknown,unknown,10222,48,5,0,30-50,2,55.57286023835319,Medium Risk
28,female,2,1,little,moderate,4221,30,0,1,<30,1,22.9875406283857,Low Risk
41,male,2,1,little,moderate,6361,18,4,1,30-50,3,34.53141928494041,Low Risk
23,male,2,2,little,rich,1297,12,5,3,<30,4,7.074756229685808,Low Risk
23,male,2,1,unknown,little,900,12,1,3,<30,4,4.926868905742145,Low Risk
50,male,2,1,little,unknown,2241,21,4,2,30-50,3,12.226435536294693,Low Risk
35,male,3,1,little,moderate,1050,6,4,3,30-50,4,5.712351029252438,Low Risk
50,female,1,1,little,rich,1047,6,3,2,30-50,3,5.696099674972914,Low Risk
27,male,3,1,little,unknown,6314,24,7,0,<30,1,34.302546045503796,Low Risk
34,male,2,1,rich,moderate,3496,30,4,1,30-50,1,19.060130010834236,Low Risk
27,female,2,1,little,unknown,3609,48,0,0,<30,1,19.7467497291441,Low Risk
43,male,2,2,little,little,4843,12,1,2,30-50,3,26.283856988082338,Low Risk
47,male,2,1,little,rich,3017,30,5,2,30-50,3,16.465330444203683,Low Risk
27,male,1,1,moderate,unknown,4139,24,0,1,<30,4,22.520314192849405,Low Risk
31,male,2,1,moderate,unknown,5742,36,0,0,30-50,1,31.252708559046592,Low Risk
42,male,3,1,little,unknown,10366,60,1,0,30-50,2,56.3989707475623,Medium Risk
24,male,2,1,quite rich,unknown,2080,6,1,3,<30,4,11.293336944745395,Low Risk
41,male,1,1,quite rich,unknown,2580,21,0,3,30-50,4,14.062838569880823,Low Risk
26,female,3,2,little,unknown,4530,30,5,1,<30,1,24.66278439869989,Low Risk
33,male,2,1,little,unknown,5150,24,4,1,30-50,1,27.997020585048748,Low Risk
24,male,2,1,moderate,moderate,5595,72,5,0,<30,2,30.60130010834236,Low Risk
64,male,1,2,little,little,2384,24,5,2,50+,3,13.011917659804983,Low Risk
26,female,2,1,little,unknown,1453,18,5,3,<30,4,7.945557963163598,Low Risk
56,female,2,1,little,unknown,1538,6,3,2,50+,3,8.357258938244854,Low Risk
37,male,2,0,unknown,unknown,2279,12,5,3,30-50,4,12.398429035752981,Low Risk
33,male,2,1,little,unknown,1478,15,5,3,30-50,4,8.068797399783316,Low Risk
47,male,2,0,little,unknown,5103,24,5,2,30-50,3,27.742416034669553,Low Risk
31,male,1,1,moderate,moderate,9857,36,0,0,30-50,1,53.54279523293608,Medium Risk
34,male,2,0,unknown,unknown,6527,60,1,0,30-50,2,35.60536294691224,Low Risk
27,male,2,1,unknown,rich,1347,10,5,3,<30,4,7.340195016251355,Low Risk
30,male,2,0,moderate,moderate,2862,36,1,1,<30,1,15.65005417118093,Low Risk
35,male,2,1,moderate,unknown,2753,9,5,3,30-50,4,14.951245937161431,Low Risk
31,male,2,1,rich,little,3651,12,1,1,30-50,4,19.826652221018417,Low Risk
25,male,2,1,little,little,975,15,4,3,<30,4,5.342632719393283,Low Risk
25,female,1,1,moderate,moderate,2631,15,6,3,<30,4,14.313380281690142,Low Risk
29,male,2,1,moderate,moderate,2896,24,5,1,<30,4,15.785482123510294,Low Risk
44,male,1,1,unknown,little,4716,6,1,2,30-50,4,25.57421451787649,Low Risk
28,male,2,1,little,unknown,2284,24,5,1,<30,4,12.471560130010834,Low Risk
50,male,2,2,quite rich,unknown,1236,6,1,2,30-50,3,6.7212892741061765,Low Risk
29,male,2,1,little,moderate,1103,12,5,3,<30,4,6.023835319609969,Low Risk
38,female,0,1,little,unknown,926,12,1,3,30-50,4,5.0663596966413875,Low Risk
24,male,2,1,little,unknown,1800,18,5,3,<30,4,9.825297941495124,Low Risk
40,male,3,2,little,rich,1905,15,3,1,30-50,3,10.380552546045504,Low Risk
29,female,1,2,quite rich,unknown,1123,12,4,3,<30,4,6.13353196099675,Low Risk
46,male,2,0,little,little,6331,48,1,0,30-50,2,34.49079089924161,Low Risk
47,female,2,0,moderate,rich,1377,24,5,2,30-50,3,7.556879739978332,Low Risk
41,male,2,1,moderate,moderate,2503,30,0,1,30-50,3,13.680931744312028,Low Risk
32,female,2,1,little,moderate,2528,27,0,1,30-50,4,13.804171180931746,Low Risk
35,female,2,0,quite rich,unknown,5324,15,1,1,30-50,4,28.903033586132175,Low Risk
24,male,2,1,moderate,moderate,6560,48,1,0,<30,2,35.731310942578546,Low Risk
25,female,2,2,little,moderate,2969,12,4,3,<30,4,16.132177681473454,Low Risk
25,female,2,1,little,moderate,1206,9,5,3,<30,4,6.569609967497292,Low Risk
37,male,1,1,little,moderate,2118,9,5,3,30-50,4,11.510021668472374,Low Risk
32,male,3,1,quite rich,unknown,629,18,5,1,30-50,4,3.481852654387866,Low Risk
35,female,2,0,little,little,1198,6,3,3,30-50,4,6.514084507042255,Low Risk
46,male,3,1,unknown,unknown,2476,21,1,2,30-50,3,13.502166847237271,Low Risk
25,male,1,1,little,little,1138,9,5,3,<30,4,6.20124593716143,Low Risk
27,male,3,1,little,moderate,14027,60,1,0,<30,2,76.22968580715059,High Risk
63,male,2,1,unknown,unknown,7596,30,1,2,50+,3,41.274377031419284,Low Risk
40,male,2,1,unknown,unknown,3077,30,5,1,30-50,3,16.794420368364033,Low Risk
32,male,3,0,little,unknown,1505,18,5,1,30-50,4,8.227248104008668,Low Risk
31,male,2,1,unknown,rich,3148,24,5,1,30-50,4,17.153304442036838,Low Risk
31,male,2,1,moderate,moderate,6148,20,1,1,30-50,1,33.38569880823402,Low Risk
34,male,3,1,little,rich,1337,9,5,1,30-50,4,7.279252437703143,Low Risk
24,female,2,2,rich,moderate,433,6,3,3,<30,4,2.3699891657638137,Low Risk
24,female,1,1,little,little,1228,12,1,3,<30,4,6.7009750812567725,Low Risk
66,female,1,1,quite rich,moderate,790,9,5,2,50+,3,4.316088840736728,Low Risk
21,female,2,2,little,unknown,2570,27,1,1,<30,4,14.033044420368363,Low Risk
41,female,1,1,rich,unknown,250,6,1,3,30-50,4,1.3800108342361863,Low Risk
47,male,1,1,quite rich,unknown,1316,15,5,2,30-50,4,7.191224268689058,Low Risk
25,female,2,2,little,little,1882,18,5,3,<30,4,10.268147345612135,Low Risk
59,female,2,2,little,moderate,6416,48,0,0,50+,2,34.95124593716143,Low Risk
36,male,2,1,rich,rich,1275,24,0,1,30-50,4,7.004333694474541,Low Risk
33,male,2,1,little,moderate,6403,24,5,1,30-50,1,34.78331527627302,Low Risk
21,male,1,2,little,little,1987,24,5,3,<30,4,10.861321776814737,Low Risk
44,female,1,1,little,moderate,760,8,5,3,30-50,4,4.149512459371614,Low Risk
28,female,2,2,rich,unknown,2603,24,1,1,<30,4,14.199620801733479,Low Risk
37,female,2,1,little,unknown,3380,4,1,3,30-50,4,18.327464788732396,Low Risk
29,female,0,1,unknown,moderate,3990,36,2,1,<30,4,21.763271939328277,Low Risk
23,female,3,2,little,moderate,11560,24,1,0,<30,2,62.71939328277356,Medium Risk
35,male,1,1,moderate,little,4380,18,1,3,30-50,4,23.800108342361863,Low Risk
45,male,3,1,little,unknown,6761,6,1,2,30-50,3,36.65086673889491,Low Risk
26,female,1,2,moderate,moderate,4280,30,0,1,<30,4,23.307150595882987,Low Risk
32,male,2,1,moderate,little,2325,24,1,1,30-50,4,12.692307692307692,Low Risk
23,male,1,1,little,moderate,1048,10,5,3,<30,4,5.717768147345613,Low Risk
41,male,2,1,unknown,unknown,3160,21,5,1,30-50,3,17.20747562296858,Low Risk
22,male,2,1,quite rich,little,2483,24,4,1,<30,4,13.548212351029253,Low Risk
30,male,3,1,unknown,little,14179,39,4,0,<30,2,76.9704767063922,High Risk
28,male,1,1,little,little,1797,13,0,3,<30,4,9.787378114842904,Low Risk
23,female,2,2,little,little,2511,15,1,3,<30,4,13.66332611050921,Low Risk
37,female,1,1,little,little,1274,12,1,3,30-50,4,6.950162513542796,Low Risk
26,male,2,1,unknown,unknown,5248,21,1,1,<30,1,28.518418201516795,Low Risk
33,male,2,1,little,unknown,3029,15,1,1,30-50,4,16.470747562296857,Low Risk
49,female,2,1,little,little,428,6,4,2,30-50,3,2.342903575297942,Low Risk
23,female,1,1,little,little,976,18,1,3,<30,4,5.3602383531961,Low Risk
23,female,1,2,moderate,moderate,841,12,0,3,<30,4,4.604550379198267,Low Risk
25,female,2,1,little,unknown,5771,30,5,1,<30,1,31.38542795232936,Low Risk
55,male,2,0,rich,unknown,1555,12,6,2,50+,3,8.473726977248104,Low Risk
32,female,2,2,unknown,little,1285,24,1,1,30-50,4,7.061213434452871,Low Risk
74,male,0,1,little,rich,1299,6,1,2,50+,3,7.0612134344528705,Low Risk
39,male,2,0,unknown,rich,1271,15,5,3,30-50,4,6.948808234019503,Low Risk
31,male,2,1,little,unknown,1393,24,1,1,30-50,4,7.644907908992418,Low Risk
35,male,2,1,little,little,691,12,1,3,30-50,4,3.7919826652221023,Low Risk
59,female,2,1,unknown,unknown,5045,15,1,2,50+,3,27.394366197183096,Low Risk
24,female,2,2,little,little,2124,18,4,3,<30,4,11.579089924160346,Low Risk
24,male,1,1,little,little,2214,12,5,3,<30,4,12.042253521126762,Low Risk
30,male,3,0,unknown,unknown,12680,21,1,0,<30,2,68.77843986998917,Medium Risk
27,male,2,1,moderate,unknown,2463,24,1,1,<30,4,13.441224268689059,Low Risk
40,male,1,1,little,moderate,1155,12,5,3,30-50,4,6.305525460455039,Low Risk
31,male,1,1,little,little,3108,30,4,1,30-50,4,16.95828819068256,Low Risk
31,female,2,2,unknown,unknown,2901,10,1,3,30-50,4,15.759750812567713,Low Risk
28,male,2,2,little,moderate,3617,12,4,1,<30,4,19.642470205850486,Low Risk
63,male,1,1,little,unknown,1655,12,5,2,50+,3,9.015438786565548,Low Risk
26,female,2,2,unknown,little,2812,24,1,1,<30,4,15.33315276273023,Low Risk
25,female,3,1,little,little,8065,36,3,0,<30,2,43.8353196099675,Low Risk
36,male,3,1,little,unknown,3275,21,1,1,30-50,3,17.827735644637052,Low Risk
52,male,2,1,moderate,unknown,2223,24,5,2,50+,3,12.141115926327195,Low Risk
66,male,0,0,quite rich,rich,1480,12,1,2,50+,3,8.066088840736727,Low Risk
25,female,2,2,unknown,little,1371,24,1,1,<30,4,7.527085590465873,Low Risk
37,male,2,1,little,unknown,3535,36,1,1,30-50,1,19.297128927410615,Low Risk
25,female,2,1,little,little,3509,18,5,1,<30,4,19.08179848320694,Low Risk
38,male,3,1,rich,unknown,5711,36,1,0,30-50,2,31.084777898158183,Low Risk
67,female,2,1,little,moderate,3872,18,6,2,50+,3,21.048212351029257,Low Risk
25,male,2,1,little,moderate,4933,39,5,1,<30,1,26.88109425785482,Low Risk
60,male,2,1,rich,unknown,1940,24,1,2,50+,3,10.608071505958831,Low Risk
31,male,1,1,little,moderate,1410,12,3,3,30-50,4,7.686890574214518,Low Risk
23,female,1,1,moderate,moderate,836,12,1,3,<30,4,4.577464788732395,Low Risk
60,male,3,1,unknown,moderate,6468,20,1,2,50+,3,35.12188515709643,Low Risk
35,male,1,1,rich,moderate,1941,18,0,3,30-50,4,10.587757313109426,Low Risk
40,male,2,1,quite rich,unknown,2675,22,5,1,30-50,4,14.581527627302274,Low Risk
38,male,2,1,unknown,unknown,2751,48,1,0,30-50,1,15.10157096424702,Low Risk
50,male,2,0,little,moderate,6224,48,3,0,30-50,2,33.91115926327195,Low Risk
27,male,2,1,little,little,5998,40,3,0,<30,1,32.65438786565548,Low Risk
39,female,2,1,little,moderate,1188,21,0,1,30-50,4,6.520855904658722,Low Risk
41,male,3,1,unknown,unknown,6313,24,1,0,30-50,2,34.2998374864572,Low Risk
27,male,2,1,unknown,unknown,1221,6,4,3,<30,4,6.642741061755148,Low Risk
51,male,2,0,little,rich,2892,24,4,2,50+,3,15.763813651137596,Low Risk
32,male,2,2,quite rich,unknown,3062,24,4,1,30-50,4,16.68607800650054,Low Risk
22,female,2,2,moderate,unknown,2301,9,4,3,<30,4,12.502708559046589,Low Risk
51,male,2,0,unknown,little,7511,18,1,2,50+,3,40.763813651137596,Low Risk
22,female,1,2,little,unknown,1258,12,4,3,<30,4,6.864842903575299,Low Risk
54,male,2,1,unknown,unknown,717,24,1,2,50+,3,3.9856446370530882,Low Risk
35,male,0,1,unknown,moderate,1549,9,1,3,30-50,4,8.43039003250271,Low Risk
54,male,2,0,little,unknown,1597,24,3,2,50+,3,8.750000000000002,Low Risk
48,female,1,2,little,moderate,1795,18,5,2,30-50,4,9.796858071505959,Low Risk
24,female,2,1,little,little,4272,20,4,1,<30,4,23.22318526543879,Low Risk
35,male,2,1,unknown,unknown,976,12,5,3,30-50,4,5.339924160346697,Low Risk
24,female,0,2,unknown,moderate,7472,12,1,3,<30,4,40.52816901408451,Low Risk
24,male,2,1,little,little,9271,36,1,0,<30,2,50.36836403033587,Medium Risk
26,male,1,1,little,moderate,590,6,5,3,<30,4,3.2204767063921995,Low Risk
65,male,2,1,unknown,unknown,930,12,5,2,50+,3,5.090736728060672,Low Risk
55,male,3,0,little,moderate,9283,42,1,0,50+,2,50.45774647887325,Medium Risk
26,female,0,2,little,moderate,1778,15,1,3,<30,4,9.692578548212353,Low Risk
26,male,2,1,little,moderate,907,8,0,3,<30,4,4.9458288190682556,Low Risk
28,male,1,1,little,moderate,484,6,5,3,<30,4,2.6462621885157103,Low Risk
24,male,2,1,little,little,9629,36,1,0,<30,2,52.307692307692314,Medium Risk
54,male,2,1,little,little,3051,48,2,0,50+,2,16.72264355362947,Low Risk
46,male,2,0,little,little,3931,48,1,0,30-50,2,21.48970747562297,Low Risk
54,female,2,2,little,moderate,7432,36,1,0,50+,2,40.40628385698809,Low Risk
62,male,2,1,quite rich,unknown,1338,6,2,2,50+,3,7.273835319609969,Low Risk
24,female,2,2,little,unknown,1554,6,5,3,<30,4,8.443932827735646,Low Risk
43,male,3,1,little,little,15857,36,7,0,30-50,2,86.04550379198267,High Risk
26,male,2,1,little,little,1345,18,5,3,<30,4,7.359154929577465,Low Risk
27,male,2,1,little,unknown,1101,12,1,3,<30,4,6.0143553629469135,Low Risk
24,male,2,1,little,rich,3016,12,5,3,<30,4,16.386782231852653,Low Risk
41,male,2,1,little,little,2712,36,4,1,30-50,3,14.837486457204765,Low Risk
47,male,1,1,little,little,731,8,1,2,30-50,4,3.992416034669556,Low Risk
35,male,3,1,little,unknown,3780,18,4,1,30-50,3,20.551191765980498,Low Risk
30,male,2,1,little,little,1602,21,1,1,<30,4,8.763542795232937,Low Risk
33,female,2,2,little,little,3966,18,1,1,30-50,4,21.55742145178765,Low Risk
36,male,2,1,little,unknown,4165,18,0,1,30-50,4,22.636782231852653,Low Risk
47,male,2,0,unknown,little,8335,36,1,0,30-50,2,45.30065005417118,Low Risk
38,male,2,0,unknown,moderate,6681,48,0,0,30-50,2,36.389490790899245,Low Risk
44,male,2,1,quite rich,unknown,2375,24,0,2,30-50,3,12.964517876489708,Low Risk
23,female,2,2,little,little,1216,18,1,3,<30,4,6.660346695557963,Low Risk
29,male,2,2,little,little,11816,45,0,0,<30,2,64.19149512459373,Medium Risk
42,female,2,1,unknown,moderate,5084,24,5,1,30-50,3,27.640845070422536,Low Risk
25,female,1,1,little,rich,2327,15,5,3,<30,4,12.666576381365113,Low Risk
48,male,2,1,little,little,1082,12,1,2,30-50,3,5.910075839653304,Low Risk
21,female,2,1,unknown,unknown,886,12,5,3,<30,4,4.852383531960998,Low Risk
23,female,1,2,little,unknown,601,4,4,3,<30,4,3.27329360780065,Low Risk
63,male,2,1,little,little,2957,24,1,2,50+,3,16.115926327193932,Low Risk
46,male,2,1,little,unknown,2611,24,5,2,30-50,3,14.242957746478874,Low Risk
29,male,2,1,little,little,5179,36,4,1,<30,1,28.20151679306609,Low Risk
28,male,1,1,little,unknown,2993,21,1,3,<30,4,16.300108342361863,Low Risk
23,female,2,1,little,unknown,1943,18,6,3,<30,4,10.599945828819068,Low Risk
50,male,2,1,little,unknown,1559,24,0,2,30-50,3,8.544149512459374,Low Risk
47,male,2,1,little,unknown,3422,18,4,2,30-50,3,18.611863488624056,Low Risk
35,male,2,1,unknown,moderate,3976,21,4,1,30-50,4,21.626489707475624,Low Risk
68,male,2,2,unknown,unknown,6761,18,1,2,50+,3,36.70232936078006,Low Risk
28,male,2,1,little,unknown,1249,24,1,1,<30,4,6.8648429035752985,Low Risk
59,male,2,1,little,little,1364,9,5,2,50+,3,7.4255146262188525,Low Risk
57,male,1,1,little,little,709,12,5,2,50+,3,3.8894907908992424,Low Risk
33,male,2,2,little,little,2235,20,1,1,30-50,4,12.18851570964247,Low Risk
43,male,2,1,unknown,unknown,4042,24,1,1,30-50,3,21.997562296858074,Low Risk
35,male,2,0,little,unknown,1471,15,5,3,30-50,4,8.030877573131095,Low Risk
32,male,1,0,little,little,1442,18,1,3,30-50,4,7.884615384615386,Low Risk
45,male,2,1,little,unknown,10875,36,1,0,30-50,2,59.05877573131095,Medium Risk
33,male,2,1,moderate,unknown,1474,24,1,1,30-50,4,8.083694474539547,Low Risk
40,female,2,1,unknown,unknown,894,10,3,3,30-50,4,4.887594799566631,Low Risk
28,male,2,0,little,unknown,3343,15,4,1,<30,4,18.17172264355363,Low Risk
29,female,2,1,little,little,3959,15,1,1,<30,4,21.507313109425787,Low Risk
26,male,2,2,moderate,unknown,3577,9,1,3,<30,4,19.41495124593716,Low Risk
27,male,2,1,rich,unknown,5804,24,1,1,<30,1,31.539815817984827,Low Risk
28,male,2,1,little,unknown,2169,18,0,1,<30,4,11.82421451787649,Low Risk
35,female,2,1,little,little,2439,24,5,1,30-50,4,13.30985915492958,Low Risk
32,male,1,1,rich,unknown,4526,27,4,1,30-50,4,24.62892741061755,Low Risk
25,male,1,2,little,unknown,2210,10,4,3,<30,4,12.013813651137594,Low Risk
20,female,2,2,quite rich,unknown,2221,15,4,3,<30,4,12.09371614301192,Low Risk
27,female,2,1,little,little,2389,18,5,1,<30,4,13.014626218851571,Low Risk
42,male,2,1,little,unknown,3331,12,4,2,30-50,3,18.094528710725893,Low Risk
37,male,2,1,unknown,unknown,7409,36,0,0,30-50,2,40.28575297941496,Low Risk
24,female,2,2,little,little,652,12,4,3,<30,4,3.5807150595882993,Low Risk
40,female,2,1,quite rich,unknown,7678,36,4,0,30-50,2,41.74024918743229,Low Risk
46,male,2,1,little,rich,1343,6,1,2,30-50,4,7.299566630552547,Low Risk
26,male,2,1,moderate,little,1382,24,0,1,<30,4,7.5839653304442045,Low Risk
24,female,2,1,unknown,unknown,874,15,2,3,<30,4,4.799566630552547,Low Risk
29,male,1,1,little,little,3590,12,4,3,<30,4,19.496208017334776,Low Risk
40,female,2,1,rich,moderate,1322,11,1,3,30-50,4,7.206121343445288,Low Risk
36,male,3,0,little,little,1940,18,5,1,30-50,3,10.582340195016252,Low Risk
28,male,2,1,little,unknown,3595,36,5,1,<30,1,19.62215601300108,Low Risk
27,male,3,0,little,little,1422,9,1,1,<30,4,7.73970747562297,Low Risk
36,male,2,1,unknown,unknown,6742,30,5,0,30-50,1,36.648158179848316,Low Risk
38,male,3,1,little,unknown,7814,24,1,0,30-50,2,42.42822318526544,Low Risk
48,male,2,0,unknown,unknown,9277,24,1,0,30-50,2,50.35617551462621,Medium Risk
36,male,2,1,unknown,moderate,2181,30,1,1,30-50,4,11.939328277356449,Low Risk
65,female,0,1,little,unknown,1098,18,5,2,50+,3,6.022481040086674,Low Risk
43,male,2,1,little,moderate,4057,24,4,1,30-50,3,22.07475622968581,Low Risk
53,female,2,1,little,little,795,12,3,2,50+,3,4.355362946912243,Low Risk
34,male,2,1,unknown,moderate,2825,24,0,1,30-50,4,15.403575297941497,Low Risk
23,male,2,1,little,moderate,15672,48,0,0,<30,2,85.09209100758396,High Risk
34,male,3,1,little,unknown,6614,36,1,0,30-50,2,35.9764355362947,Low Risk
40,male,2,2,unknown,unknown,7824,28,1,0,30-50,2,42.5013542795233,Low Risk
43,male,3,1,little,little,2442,27,0,1,30-50,3,13.338299024918745,Low Risk
46,male,2,1,little,unknown,1829,15,5,2,30-50,4,9.970205850487542,Low Risk
38,male,1,1,little,little,2171,12,1,3,30-50,4,11.80931744312026,Low Risk
34,male,2,1,little,moderate,5800,36,1,0,30-50,1,31.565547128927413,Low Risk
29,male,2,1,unknown,unknown,1169,18,5,3,<30,4,6.409804983748646,Low Risk
31,male,3,1,unknown,unknown,8947,36,1,0,30-50,2,48.61728060671723,Low Risk
28,female,3,2,little,little,2606,21,5,1,<30,1,14.202329360780066,Low Risk
35,female,2,1,rich,unknown,1592,12,4,3,30-50,4,8.67416034669556,Low Risk
33,female,1,2,unknown,unknown,2186,15,4,3,30-50,4,11.906825568797402,Low Risk
42,male,2,1,little,little,4153,18,4,1,30-50,3,22.570422535211268,Low Risk
43,male,2,2,little,little,2625,16,1,2,30-50,3,14.284940411700974,Low Risk
44,male,2,1,unknown,unknown,3485,20,1,2,30-50,3,18.96397616468039,Low Risk
42,male,2,0,unknown,unknown,10477,36,1,0,30-50,2,56.90547128927411,Medium Risk
40,male,2,2,unknown,unknown,1386,15,5,3,30-50,4,7.573131094257855,Low Risk
36,male,3,1,little,unknown,1278,24,5,1,30-50,3,7.021939328277357,Low Risk
20,male,3,2,little,little,1107,12,5,1,<30,4,6.045503791982665,Low Risk
24,male,1,1,unknown,little,3763,21,1,3,<30,4,20.472643553629467,Low Risk
27,male,2,1,unknown,moderate,3711,36,3,1,<30,1,20.251895991332614,Low Risk
46,female,1,1,little,unknown,3594,15,1,2,30-50,4,19.531419284940412,Low Risk
33,female,1,1,unknown,moderate,3195,9,1,3,30-50,4,17.346966413867822,Low Risk
34,female,2,1,little,unknown,4454,36,5,1,30-50,1,24.27546045503792,Low Risk
25,female,1,1,little,moderate,4736,24,4,1,<30,4,25.75297941495125,Low Risk
25,female,2,1,unknown,moderate,2991,30,5,1,<30,4,16.32719393282774,Low Risk
28,male,2,1,rich,unknown,2142,11,0,3,<30,4,11.649512459371616,Low Risk
31,male,2,2,little,little,3161,24,0,1,30-50,4,17.22101841820152,Low Risk
32,female,3,1,little,moderate,18424,48,7,0,30-50,2,100.0,High Risk
32,male,2,1,moderate,unknown,2848,10,1,3,30-50,4,15.469934994582882,Low Risk
68,male,3,1,little,little,14896,6,1,0,50+,2,80.71776814734562,High Risk
33,male,2,1,moderate,little,2359,24,4,1,30-50,4,12.876489707475624,Low Risk
39,male,3,2,little,little,3345,24,4,1,30-50,3,18.217768147345613,Low Risk
28,female,2,1,little,unknown,1817,18,4,3,<30,4,9.917388949079092,Low Risk
37,male,3,1,quite rich,unknown,12749,48,5,0,30-50,2,69.2592091007584,Medium Risk
22,female,2,2,little,little,1366,9,5,3,<30,4,7.436348862405201,Low Risk
30,male,2,2,little,moderate,2002,12,1,3,<30,4,10.893824485373782,Low Risk
55,male,2,1,little,little,6872,24,4,2,50+,3,37.32394366197183,Low Risk
46,male,2,1,little,little,697,12,1,2,30-50,4,3.824485373781149,Low Risk
21,female,2,2,little,little,1049,18,4,3,<30,4,5.7556879739978335,Low Risk
39,male,2,0,little,little,10297,48,1,0,30-50,2,55.9750812567714,Medium Risk
58,male,2,1,unknown,unknown,1867,30,5,2,50+,3,10.239707475622971,Low Risk
43,male,1,1,little,little,1344,12,1,3,30-50,4,7.329360780065006,Low Risk
24,male,1,1,little,little,1747,24,4,3,<30,4,9.561213434452872,Low Risk
22,female,2,1,little,moderate,1670,9,5,3,<30,4,9.083152762730228,Low Risk
30,male,2,1,little,unknown,1224,9,1,3,<30,4,6.6684723726977255,Low Risk
42,male,2,1,quite rich,unknown,522,12,5,2,30-50,4,2.8778439869989167,Low Risk
23,female,2,1,little,little,1498,12,5,3,<30,4,8.16359696641387,Low Risk
30,male,3,1,moderate,moderate,1919,30,5,1,<30,1,10.517334777898158,Low Risk
28,female,1,1,little,rich,745,9,5,3,<30,4,4.072318526543879,Low Risk
30,male,3,2,little,moderate,2063,6,5,1,<30,4,11.199891657638137,Low Risk
42,male,2,0,little,moderate,6288,60,3,0,30-50,2,34.306608884073675,Low Risk
46,male,3,1,unknown,unknown,6842,24,1,0,30-50,2,37.16549295774648,Low Risk
45,male,3,1,unknown,unknown,3527,12,1,2,30-50,3,19.15899241603467,Low Risk
31,male,1,1,little,unknown,1546,10,1,3,30-50,4,8.416847237269774,Low Risk
31,male,2,1,unknown,unknown,929,24,4,1,30-50,4,5.134073672806068,Low Risk
42,male,1,1,little,unknown,1455,4,1,3,30-50,4,7.899512459371614,Low Risk
46,female,2,2,little,little,1845,15,4,2,30-50,4,10.055525460455037,Low Risk
30,female,2,1,quite rich,moderate,8358,48,1,0,<30,2,45.471289274106184,Low Risk
30,male,2,0,quite rich,little,3349,24,4,1,<30,4,18.23943661971831,Low Risk
38,male,3,1,unknown,unknown,2859,12,1,1,30-50,3,15.54035752979415,Low Risk
43,male,1,1,little,unknown,1533,18,4,3,30-50,4,8.378927410617552,Low Risk
31,male,2,1,moderate,unknown,3621,24,5,1,30-50,4,19.71424702058505,Low Risk
40,male,0,1,little,moderate,3590,18,0,3,30-50,4,19.520585048754064,Low Risk
24,male,2,1,little,little,2145,36,0,1,<30,1,11.765980498374864,Low Risk
28,female,2,2,quite rich,moderate,4113,24,1,1,<30,4,22.378114842903578,Low Risk
26,female,3,1,little,unknown,10974,36,4,0,<30,2,59.59507042253522,Medium Risk
29,female,2,1,little,little,1893,12,1,3,<30,4,10.30335861321777,Low Risk
57,female,3,2,rich,little,1231,24,5,2,50+,3,6.765980498374864,Low Risk
49,male,1,1,unknown,rich,3656,30,5,2,30-50,3,19.929577464788732,Low Risk
37,male,1,1,little,moderate,1154,9,5,3,30-50,4,6.287919826652222,Low Risk
45,male,1,1,little,little,4006,28,1,2,30-50,3,21.814734561213438,Low Risk
30,male,2,0,moderate,moderate,3069,24,4,1,<30,4,16.72264355362947,Low Risk
30,male,2,2,little,unknown,1740,6,5,3,<30,4,9.451516793066087,Low Risk
47,male,2,1,little,moderate,2353,21,1,2,30-50,3,12.831798483206933,Low Risk
29,male,2,1,unknown,unknown,3556,15,1,1,<30,4,19.32827735644637,Low Risk
35,male,2,1,quite rich,unknown,2397,24,5,1,30-50,4,13.083694474539548,Low Risk
22,male,1,1,little,moderate,454,6,6,3,<30,4,2.4837486457204774,Low Risk
26,female,2,1,unknown,moderate,1715,30,5,1,<30,4,9.41495124593716,Low Risk
23,male,1,1,quite rich,moderate,2520,27,5,3,<30,4,13.760834236186348,Low Risk
54,female,3,2,little,unknown,3568,15,5,2,50+,3,19.390574214517876,Low Risk
29,male,2,2,unknown,unknown,7166,42,5,0,<30,2,38.993770314192844,Low Risk
40,male,1,1,little,little,3939,11,1,3,30-50,4,21.382719393282777,Low Risk
22,male,2,1,moderate,moderate,1514,15,6,3,<30,4,8.262459371614302,Low Risk
43,male,1,1,little,unknown,7393,24,1,1,30-50,3,40.147616468039004,Low Risk
29,female,0,2,little,little,1193,24,1,3,<30,4,6.560130010834237,Low Risk
36,male,2,2,little,little,7297,60,0,0,30-50,2,39.772481040086674,Low Risk
33,female,2,1,little,unknown,2831,30,5,1,30-50,1,15.459100758396533,Low Risk
57,female,1,1,quite rich,rich,1258,24,5,2,50+,3,6.9122426868905755,Low Risk
64,female,2,1,little,moderate,753,6,5,2,50+,3,4.1034669555796315,Low Risk
42,male,2,1,unknown,moderate,2427,18,0,2,30-50,3,13.223185265438788,Low Risk
47,male,1,1,little,unknown,2538,24,1,2,30-50,4,13.847508125677141,Low Risk
25,male,2,2,moderate,moderate,1264,15,1,3,<30,4,6.908179848320693,Low Risk
49,male,2,1,little,moderate,8386,30,4,0,30-50,2,45.54983748645721,Low Risk
33,male,3,2,little,unknown,4844,48,0,0,30-50,2,26.436890574214523,Low Risk
28,female,3,1,moderate,rich,2923,21,1,1,<30,1,15.91955579631636,Low Risk
26,male,2,1,little,little,8229,36,1,0,<30,1,44.72372697724811,Low Risk
30,male,1,1,little,unknown,2028,24,4,3,<30,4,11.084777898158181,Low Risk
25,female,2,2,little,little,1433,15,4,3,<30,4,7.823672806067172,Low Risk
33,male,2,1,little,rich,6289,42,0,0,30-50,1,34.23889490790899,Low Risk
64,female,2,1,moderate,unknown,1409,13,5,2,50+,3,7.686890574214518,Low Risk
29,male,3,0,little,little,6579,24,1,0,<30,1,35.73672806067172,Low Risk
48,male,1,1,little,moderate,1743,24,5,2,30-50,4,9.539544962080175,Low Risk
37,male,1,1,unknown,unknown,3565,12,3,3,30-50,4,19.364842903575298,Low Risk
34,male,1,1,moderate,unknown,1569,15,5,3,30-50,4,8.561755146262188,Low Risk
23,male,1,2,unknown,little,1936,18,5,3,<30,4,10.563380281690142,Low Risk
30,male,3,1,little,little,3959,36,4,0,<30,1,21.592632719393283,Low Risk
50,male,2,1,unknown,unknown,2390,12,1,2,30-50,3,12.999729144095342,Low Risk
31,female,1,1,little,unknown,1736,12,4,3,30-50,4,9.454225352112678,Low Risk
40,male,3,1,little,little,3857,30,1,0,30-50,2,21.01570964247021,Low Risk
38,male,2,1,little,unknown,804,12,5,3,30-50,4,4.405471289274107,Low Risk
23,male,2,0,little,little,1845,45,5,1,<30,1,10.177410617551462,Low Risk
27,male,2,1,moderate,moderate,4576,45,1,0,<30,1,24.971560130010836,Low Risk
